user,location,text
Elcurisays,"Medell√≠n, Colombia","C√≥mo en las grandes partidas de ajedrez, petro sacrific√≥ una Torre (Quintero), para garantizar un jaque mate. #Quintero"
Yilmanzano,"Le Mans, Francia",La angustia de la corrupci√≥n materializada en la suspensi√≥n ilegal de #Quintero es la evidencia que‚Ä¶ https://t.co/W8bNodULdT
CmarcaFederal,La Bodega de Petro,"Mas descarados no pueden ser en la @PGN  

#Quintero 
#ElCambioEnPrimera https://t.co/9LXbKQmFQF"
Abejita651,,@CamiloRomero @QuinteroCalle #Quintero no pasaran
Yilmanzano,"Le Mans, Francia","#Quintero le manda a decir @MariaFdaCabal que entienda que es mejor comprar votos que decir ""Cambio o primera"" https://t.co/dhBGN8mope"
Felipe200395,"Bogot√°, D.C., Colombia","#Quintero Suspendido por participar en Pol√≠tica? Definitivamente en Colombia no hay DEMOCRACIA!
CUANDO DUQUE PARTIC‚Ä¶ https://t.co/YT023maj1q"
mariansofiasoto,Colombia,"Lo que s√≠ puede hacer es poner en conocimiento a la justicia penal para el debido proceso, ya que quien s√≠ puede da‚Ä¶ https://t.co/rLVaxz0LHl"
Felipe200395,"Bogot√°, D.C., Colombia",#ElCambioEnPrimera Que sea m√°s tendencia. En COLOMBIA NO HAY DEMOCRACIA. EL URIBISMO NO HALLA COMO QUITAR A‚Ä¶ https://t.co/01smEFS021
mane_sabio,Versalles-Connecticut,"#Quintero 
#ProcuraduriaDeBolsillo 
@PGN_COL 
#QueSancionenA 
Los alcaldes que aparecen con ficky en esta reuni√≥n https://t.co/9odCqwmMi7"
juanduquega,Colombia,"¬°Vamos todos a defender la democracia! 

#SomosElCambio #DanielSeQueda #Quintero https://t.co/8A97CPEX54"
CarabValparaiso,"Valpara√≠so, Chile","Carabineros de la Subcomisar√≠a #Quintero se reunieron con la Fiscal√≠a Local, la PDI y los encargados de seguridad c‚Ä¶ https://t.co/UIswr119e4"
Olethros70,,#Efem√©rides #Constantinopla #Fontenoy #SanJuanDeAcre #India #Cela #Fonseca #JaljinGol #EbenEmael #Attu‚Ä¶ https://t.co/otWxAO97gm
RobertoMTico,"Bogot√°, D.C., Colombia",La ORDEN la dio el IMPUTADO o Sr. de #ElGolfo (#Matarife). Estoy con #ElCambioEnPrimera. Estoy con #Quintero https://t.co/0c48gTcKFv
richard_jug,"C√∫cuta, Colombia","La suspensi√≥n de #Quintero nos avisa que las hienas lo est√°n atisbando para devorarlo. 
Esa jugada de la procurador‚Ä¶ https://t.co/oFXKg75cg0"
richardspg,Bogot√° D. C. Colombia,As√≠ es recibido el pr√≥ximo presidente de Colombia 2026 - 2030 üá®üá¥ #Quintero #quinteropresidente2026 https://t.co/pyigbP6S3E
JuanFel20319965,,El taxi en el que voy esta escuchando @BluRadioCo y me doy cuenta de que esa emisora es mucho peor de lo que hab√≠a‚Ä¶ https://t.co/coGnrvjcsr
lypmultimedios,San Juan del R√≠o,"#Quintero ha terminado por desatar una #tormenta pol√≠tica de enormes proporciones que #Petro, el favorito de todas‚Ä¶ https://t.co/NpqRMZs0Qp"
HerazoSalazar,"Salamanca, Espa√±a","Actu√≥ bien la procuradur√≠a al sancionar a Quintero por participaci√≥n pol√≠tica?
#Procuraduria 
#ColombiaVota2022 
#Quintero"
richardspg,Bogot√° D. C. Colombia,Mi nombre es Richard y quiero que @QuinteroCalle  sea mi presidente 2026 üá®üá¥ #Quintero #quinteropresidente2026 https://t.co/EaGmeFWFUO
LuisFdoLedesma,"Medell√≠n, Antioquia","DUQUE CHAO!!!
Vamos a ganar en primera vuelta!!üá®üá¥
#elcambioesenprimera 
#Quintero https://t.co/vZ1WIudO0Y"
antoqueno,,"A @QuinteroCalle hizo el cambio en primera, la de transito Cabello le puso comparendo, y gano Petro üòÜ #Procuraduria‚Ä¶ https://t.co/YkZvPrIp0J"
MalejaV4,"Medell√≠n, Colombia","@NoticiasCaracol Jajaja meti√≥ la pata? Qu√© an√°lisis m√°s burdo, abus√≥ de su funci√≥n, prevarico es m√°s adecuado.‚Ä¶ https://t.co/4B5acB7Ok1"
kevynfabrizzio_,"Medell√≠n, Antioquia","Siempre y cuando la ley sea para todos,  no es permitido que en la cara de nosotros el mismo Zapateiro y Duque haga‚Ä¶ https://t.co/YyLBoHI9tf"
joaquinmu,C√∫cuta. Colombia.    ,Hoy @petrogustavo Ilamando a defender la democracia que √©l y sus secuaces intentaron tantas veces violar desde el M‚Ä¶ https://t.co/w3HLjsaQqS
HSBnoticias,Bogot√° - Colombia,Candidatos se refirieron a la decisi√≥n de la Procuradur√≠a de suspender a Daniel Quintero https://t.co/AT6yhbhquv‚Ä¶ https://t.co/citgWUGIIq
KatherynPalta,,Y con lo de #Quintero  alguien sabe a qu√© hora anuncian tambi√©n la suspensi√≥n de #Duque?
wilmarveraza1,,"Me da pena con los que me siguen y no les corresponde. Tengo 3.000 seguidores y no puedo seguir a nadie m√°s,  algui‚Ä¶ https://t.co/YN1OU203HZ"
CarlosDeArcoM,,"Quien di√≥ la orden? 
#Quintero"
Carolinavarga73,Bogot√°,"#GolpeDeEstadoEnMedellin  el uribismo si es pendejo, se dieron un tiro en el pie ellos solitos.‚Ä¶ https://t.co/bfNpfdMl9z"
raadcure,,Leyendo twitter uno se da cuenta que en este pa√≠s hay bastante psic√≥pata suelto #Colombia #Quintero
wasgyofx,universal,"Por qu√© hay m√°s muchos mas casos exactos ... https://t.co/yUecoS7pvn
y los que faltan, porque en este platanal la c‚Ä¶ https://t.co/vzBKLmu9r1"
Fran87bcn,Dando vueltas por Distrito Sur,@makoeman @SyP_tve @evelascoq @AFnandez Todo ser√° muy previsible con #Quintero ‚Ä¶
luisyepesb,Medell√≠n-Colombia,Los 4.3 billones corresponden a un detrimento patrimonial encontrado por la @CGR_Colombia en un proceso abierto des‚Ä¶ https://t.co/ikx52ZqYCS
axlb13988,,#CambioEnPrimera #Quintero La se√±ora Cabello participa en pol√≠tica al sancionar por participaci√≥n en pol√≠tica solo‚Ä¶ https://t.co/nvzXm6ru4z
Esteban_YF,Cali,"Lo que nunca pudieron no podr√°n los uribistas, 194.000 tweets @QuinteroCalle #Quintero #CambioEnPrimera https://t.co/pEEEwE96t0"
ValCMont,"Dosquebradas, Colombia",En este perfil se apoya a @QuinteroCalle #QuinteroSeQueda #Quintero https://t.co/F7yfyX24pq
AVANZARAHORA,,"La infamia en todo su esplendor ! La corrupci√≥n ! #Quintero 
#CambioEnPrimera 
#QueSancionenA https://t.co/g02d3NwxqV"
ManuRueda8,,"@VahiaVahia Cuidado les da duro #Quintero cuando venga de reversa!
Vea lo que le digo... üëåüèª"
jojoa1005,Colombia,"Con la ¬°SUSPENSI√ìN PROVISIONAL! hoy Medell√≠n debe cuidarse much√≠simo.
Mientras all√° van a las calles por cumplir la‚Ä¶ https://t.co/NgOqEkxNL1"
MarcoAcostaR,Bogot√° ,"M√°s all√° del esc√°ndalo de #Quintero, analicemos como las administraciones que hace 2 a√±os y medio se vend√≠an como l‚Ä¶ https://t.co/M3pxLKeSMi"
MarinRamosYuli,"La Gabarra, Tib√∫",¬øPara cu√°ndo la investigaci√≥n a @IvanDuque y a @COMANDANTE_EJC   ? #quintero
MiguelSanabri,,"Hoy m√°s que nunca, colombia es una hermana bolivariana. #elcambioesenprimera #Quintero"
ElTxico19,,"¬øNo parece justo, verdad?

#Quintero #ElCambioEnPrimera #GolpeDeEstado https://t.co/2t1PxqQywn"
GM1CALIPTO,M√©xico,"#maidana #quintero #pinola #armani #alvarez y un debut 
#Calipto https://t.co/TpbiIKdEwi"
micasanoestuya,Bogot√°,Desproporcionada la acci√≥n en contra de #Quintero. Y sobreactuada la reacci√≥n de este. La pol√≠tica como espect√°culo‚Ä¶ https://t.co/lQUgV9GAl5
Xandrex04,Colombia,"Me huele que a Cabello le va a salir todo mal JAJAJAJA, esto favorece al Pacto hist√≥rico, veamos el lado positivo.‚Ä¶ https://t.co/WMp7QTxiv5"
MetArmada_Valp,"Carvallo 150, Playa Ancha",Temperaturas M√≠nimas obtenidas durante esta ma√±ana #Mi√©rcoles 11 de #Mayo  en las estaciones meteorol√≥gicas del ter‚Ä¶ https://t.co/QJ2qJvGzCd
Juanfgut,"Barranquilla, Colombia",Se hab√≠a demorado. #Quintero https://t.co/uYJ1TrvRRb
StefanBravo3,"Medell√≠n, Colombia","#Quintero
#QuietoEnPrimera
#QuinteroSeVa
#QuintoRetiroUrgente
#Revocatoriaya
#Medell√≠n
@QuinteroCalle te vamos saca‚Ä¶ https://t.co/CaRGACgjxI"
IRMO_DE_JESUX,Desde cualquier lugar de #Mund,"@AlvaroUribeVel Se√±or #Matarife no le mienta m√°s al pa√≠s, #Quintero fue el √∫nico alcalde que no ejecuto presupuesto‚Ä¶ https://t.co/lOV4RUMlJh"
eo_enlinea,Regi√≥n de Valpara√≠so,"#QUINTERO.- Sujetos se desplazaban con distintas drogas en un veh√≠culo robado, avaluado en $16 millones de pesos:‚Ä¶ https://t.co/LxKw0zAVKn"
publieEpana,"Comunidad de Madrid, Espa√±a",Ser√° que el Ex alcalde #Quintero no deber√≠a tomar las gotas de valeriana del presidente Uribe(?) lo noto como ansioso y angustiado
PaterMionostro,A la derecha de la derecha,"@quediceamigo @QuinteroCalle @AlcaldiadeMed #Quintero es un subversivo, subvierte el orden establecido"
eltintodehoy,,"https://t.co/EOswPMW4Aq 

Las reacciones de los candidatos presidenciales a la decisi√≥n contra Quintero #Reacciones‚Ä¶ https://t.co/qQdbBLeudZ"
ParanoidRockBar,"Carrera 68c #79 35, 2do piso",Un d√≠a san Ordo√±ez suspendi√≥ a #Petro y ahora a√±os despu√©s cuando @petrogustavo ha demostrado su raz√≥n casi es pres‚Ä¶ https://t.co/Qe9k8Ctxrg
LuisFdoLedesma,"Medell√≠n, Antioquia","En #MEDELL√çN, casa a casa, uno a uno, voto a voto, con argumentos, con ideas, por la dignidad, por un cambio por la‚Ä¶ https://t.co/mKXaGjHYVX"
LuisFdoLedesma,"Medell√≠n, Antioquia","Los paisas estamos con @petrogustavo #Quintero
#elcambioesenprimera 
#LaEncuestaDice https://t.co/FyJY3aUadj"
javiergarces17,colombia,"Gran movilizaci√≥n en respaldo a Daniel #Quintero, alcalde de #Medell√≠n. Plazoleta de la Alpujarra 5:00 PM. https://t.co/2eiv7cCnqY"
Julian_KXMN,Colombia,A @QuinteroCalle se le ven√≠a avisando desde hace meses que su intervenci√≥n pol√≠tica es ilegal siendo alcalde; Sin e‚Ä¶ https://t.co/lCmevoMcZJ
PaterMionostro,A la derecha de la derecha,@ELTIEMPO @IvanDuque @QuinteroCalle Casi que no vemos una luz con el corrupto y politiquero #Quintero
Santiag08105206,,"As√≠ son los mamertos, solo hablan de lo que les conviene #Quintero #QuinteroCorrupto #PactoDeCorruptos‚Ä¶ https://t.co/fi1nFCwXlV"
Alazcarito,Grimmould Place. ,"Lo m√°s delicado es q si por la revocatoria no funciono, ahora con la procuradora si debe funcionar, #Quintero no me‚Ä¶ https://t.co/zelhD3gGSs"
MiguelMar0426,,Hacen lo que quieren como quieren cuando quieren... Incre√≠ble #LogrosDeDuque #Quintero #Procuraduria https://t.co/8XlCUsoOOW
PDI_Valparaiso,"Valpara√≠so, Chile",Detectives de la Brigada de Investigaci√≥n Criminal #Quintero detuvieron a 3 personas que circulaban en un veh√≠culo‚Ä¶ https://t.co/wPkixnS3bY
GabrielChica,"Cali, Colombia","¬øC√≥mo amanece este pa√≠s, insignia de la democracia? ¬øA cu√°ntos funcionarios electos popularmente suspender√° hoy la‚Ä¶ https://t.co/TEEgyAzoZh"
Pan_DeTienda,Caliwood,"Los colombianos defendi√©ndonos de @AlvaroUribeVel 
#Quintero #elcambioesenprimera #QueSancionenA #Zapateiro #CIDH https://t.co/GKDRNZ8Nbr"
adavid_rr,Colombia,"#Quintero no se va de la alcald√≠a porque tiene el andamiaje normativo que lo protege.
#Petro ser√° presidente en pri‚Ä¶ https://t.co/vK04OU949Q"
mane_sabio,Versalles-Connecticut,"#GolpeDeEstadoEnMedellin 
#Quintero 
Y a muchas empresas en Colombia https://t.co/99xoVmOVkl"
mariangel3737,,"Ojo,la destituci√≥n e inhabilitaci√≥n solo puede ser impuesta por un JUEZ competente, previa condena en proceso PENAL‚Ä¶ https://t.co/CCm4osTkA6"
varianmackey,,@tobonsanin Recuerdo que la procuradur√≠a realiz√≥ un feriado de contrataci√≥n y aument√≥ su planta laboral diciendo qu‚Ä¶ https://t.co/gC9jAh7wSX
estebansiman,"Bogot√°, colombia",üö®ATENCIONüö® Guaid√≥ se auto proclama alcalde interino de Medell√≠n. #Quintero https://t.co/DpuXZozb2x
varianmackey,,Me pregunt√≥ simplemente ¬øD√≥nde est√° el debido proceso? #Quintero.
LilyCaspath,,"Se√±ora @PGN_COL y para cu√°ndo la investigaci√≥n en contra de @IvanDuque üëÄüòè.
Esperamos la misma celeridad!!
 Ahhh ver‚Ä¶ https://t.co/zEA7s01j3q"
Jonatha67993983,Rivendel ,"#Quintero es la muestra de que la justicia en Colombia adem√°s de ciega tambi√©n es selectiva,preferencial y alcahueta."
mateomejia0,"Pereira, Colombia","Creo que es indudable que #Quintero lleva participando en pol√≠tica desde hace rato, pero es m√°s preocupante ver a l‚Ä¶ https://t.co/L9SfIKq8Wc"
javiergarces17,colombia,La suspensi√≥n de Daniel #Quintero c√≥mo alcalde de #Medell√≠n puede desembocar en el triunfo electoral de‚Ä¶ https://t.co/Dfu87InBb2
Cristianrvilla3,"Bogot√°, D.C., Colombia","Dichas facultades son una burla a la democracia y los estandares internacionales,  son una bofetada a la democracia‚Ä¶ https://t.co/8S7o4ON4mP"
Cristianrvilla3,"Bogot√°, D.C., Colombia","motivo por el cual acudi al sistema interamericano de proteccion de derechos, solicitando medidas cautelares  el di‚Ä¶ https://t.co/rlz1h5j5hF"
Cristianrvilla3,"Bogot√°, D.C., Colombia","El suscrito Abogado, reprocha la actuaci√≥n de la  Procuradora Margarita Cabello, al suspender provisionalmente de s‚Ä¶ https://t.co/EVgGKpsGdp"
Mauro_bermudezv,,"La procuradora tan cumplidora de la ley tiene muchas sanciones que poner, por ej:

Los alcaldes en fedemucipios neg‚Ä¶ https://t.co/bmVtpqsaVR"
atentonto,,"El desfalco de Reficar, 18 billones de Buena Fe.
#ElCambioEnPrimera falta grav√≠sima, destituci√≥n inmediata. Procura‚Ä¶ https://t.co/Ku9HLJbu23"
onematato,"Bogot√°, Colombia","Separados al nacer. Pero su apellido, el destino e incluso su actuar los junta:

#cabello #quintero‚Ä¶ https://t.co/qDhszPIAP1"
yurannyms,Colombia,"#ElCambioEnPrimera 
#Quintero 
M√°s razones por el cambio https://t.co/G8jMlLQCUa"
peznaranjaTweet,"Bogot√°, Colombia",P√°gina WEB con soporte t√©cnico incluido: COP $199.000 #Quintero https://t.co/HgzHvPZq9W
StefanBravo3,"Medell√≠n, Colombia","#Quintero
#QuietoEnPrimera
#QuinteroSeVa
#QuintoRetiroUrgente
#Revocatoriaya
#Medell√≠n
@QuinteroCalle te vamos saca‚Ä¶ https://t.co/DLHkuUtKQn"
danniela_avila,"Boyac√°, Colombia","La indemnizaci√≥n que le impusieron a Colombia, a causa de que Ord√≥√±ez suspendiera a Petro.  

Fue porqu√© la procura‚Ä¶ https://t.co/6bscogthke"
IYusethyBonilla,"Bogot√°, D.C., Colombia",Y usted @QuinteroCalle es mejor que pase a neutro en vez de estar haciendo bobadas #QuietoEnPrimera  #QuinteroCorrupto #Quintero
JAYAL191169_7,Colombia üá®üá¥,"@Luzmafrie El mismo lo dijo; en 3-2-1-0 lo negar√°:
https://t.co/86fYDR3Byq

#QuinteroCorrupto 
#Quintero"
DjangoEscorpio,,"Diccionario Espa√±ol-Petrista.
Hoy: ""Sanciones""
Espa√±ol: Sanciones de la procuradur√≠a.
Petrista: Golpe de Estado.‚Ä¶ https://t.co/6gMxUbPM4c"
Eduardo70896842,,"Mores, con la destituci√≥n de #Quintero en medell√≠n, ¬øNos queda claro que estas elecciones se las van a robar a como‚Ä¶ https://t.co/Tq8F964rZF"
hora13noticias,Medell√≠n,"#Hora13Noticias | #Procuradur√≠a suspendi√≥ al alcalde Daniel #Quintero üëá
https://t.co/sdEVQTNnSR"
diablazurda,Colombia,"Buenos dias pais donde no tengo ni idea de las propuestas de Federico pero lo importante es que no gane petro.

As√≠‚Ä¶ https://t.co/kw5zj4iYF0"
FESCOLOMBIA,Colombia,Convocamos a todos l@s estudiantes y ciudadan√≠a en general de Medell√≠n a las 05:00 PM en la Plazoleta de la‚Ä¶ https://t.co/FvRYmcehnm
CoachMandela,,"Recordemos que para la procuradora Cabello desfalcar REFICAR, fu√© solo un ""error de buena f√©""

#Quintero"
prensanewsco,Barranquilla - Colombia.,"Tras suspender de manera temporal al alcalde de Medell√≠n, Daniel Quintero, por presunta participaci√≥n en pol√≠tica e‚Ä¶ https://t.co/y0GOJu6lJZ"
Nannaea1,"Freiburg im Breisgau, Deutschl","@PizarroMariaJo @OscarIvanRoa @petrogustavo @CIDH @QuinteroCalle No les importa cometer el error, lo que quieren es‚Ä¶ https://t.co/QZaZbUNLON"
Por_NuestroPais,,"Sus actos son completamente ilegales, por eso se toman estas acciones, ¬°basta de creerse impunes!

#Procuraduria‚Ä¶ https://t.co/5SH9Rx2AHz"
ALEXISUNICO,"Itagui, Colombia",#QueSancionenA #Quintero por populista por qu√© es un alcalde de odi√≥ negro para esta ciudad tan bella como lo es #medellin
PaterMionostro,A la derecha de la derecha,"#Quintero es bruto y cobarde, mejor hubiera ido a las urnas!!"
Jose_atehortua,Medell√≠n,#QuinteroSeQueda apoyo total a #Quintero. Hoy mi√©rcoles plant√≥n en la alpujarra hora 5:00 PM https://t.co/DLNSjzgfdG
ElkinCalvo,Colombia,Que verg√ºenza da la se√±ora Cabello. Dice ‚Äúno se equivoquen conmigo‚Äù mientras destituye a #Quintero y se hace la de‚Ä¶ https://t.co/wYtLVn7KzY
ParanoidRockBar,"Carrera 68c #79 35, 2do piso","Jajajajaja que grande es #Quintero y comparto su opini√≥n, se lo tienen que mamar en reversa jajajajaja https://t.co/IYOf5K53Xu"
tutrinos,new york,"@silvioravel Eso no es justicia , eso es persecuci√≥n pol√≠tica  , colombia no aguanta una dictadura uribista , graci‚Ä¶ https://t.co/WfrukElM6s"
healthbico,Colombia,√önete a un equipo extraordinario de profesionales en salud que ya est√°n en HealthBI https://t.co/3YiqCN6n8t‚Ä¶ https://t.co/wuQJmz65KU
Juanfgut,"Barranquilla, Colombia",La suspensi√≥n de #Quintero termina siendo un empuj√≥n m√°s para que #Petro gane en primera. Le terminan haciendo un f‚Ä¶ https://t.co/nFEnErLtVE
julianareinar,,@QuinteroCalle Hasta que por fin le pusieron  tatequieto a este mequetrefe que estaba haciendo lo que se le ven√≠a e‚Ä¶ https://t.co/Dsxqbi8GY1
HermesAngar,"Floridablanca, Santander",#QueSancionenA  #QuietoEnPrimera #Quintero en este pa√≠s tristemente la justicia y los entes de control siempre han‚Ä¶ https://t.co/23v8dFrLMC
gustavopadillao,"Cali, Colombia","Aquellos que manifiestan que la @PGN_COL no puede suspender al Alcalde de Medell√≠n, son los mismos que dicen que la‚Ä¶ https://t.co/kAbzP3qJta"
alertaconcon,"Conc√≥n, Chile",METEO LOCAL #QUINTERO https://t.co/ix5UYjSB6S
manuel_ponton,Bakata,#QueSancionenA #ProcuraduriaDeBolsillo #CambioEnPrimera #Quintero Exigimos garant√≠as democr√°ticas https://t.co/UZjmXUQCEd
IRMO_DE_JESUX,Desde cualquier lugar de #Mund,@QuinteroCalle Por el video que saca #Quintero ense√±ando a manejar desata la ira del #Paracol encolerizsdo le da la‚Ä¶ https://t.co/LbIJPRk5KV
FelizzolaFaddir,,"La muerte del fiscal paraguayo fueron mercenarios como los que mataron al presidente de Hait√≠, p√≥ngale la firma‚Ä¶ https://t.co/872hMQqzI9"
nanitasoy,"Pereira, Colombia",@DCoronell @WRadioColombia Hoy esperaba q hablara de un tema m√°s importante como lo es lo de #quintero. Si bien lo‚Ä¶ https://t.co/V1xFTDEtEF
CEValparaiso,"Vi√±a del Mar, Valpara√≠so","8:28 Horas #Quintero Central SAMU despacha m√≥vil R13 a sector de Santa Rosa de Colmo, para atenci√≥n de pacientes le‚Ä¶ https://t.co/kGF8SHh0HJ"
Por_NuestroPais,,"Lleg√≥ el momento de pagar por todas las ilegalidades que hace #Quintero 

Excelente acci√≥n por parte de la @PGN_COL‚Ä¶ https://t.co/gX1UH6pZZb"
delmarpizarro,"Bogot√°, D.C., Colombia","Buen d√≠a pa√≠s donde:
-Se pasan por la faja los fallos internacionales del @CIDH
- El presidente en vez de gobernar‚Ä¶ https://t.co/zretdQxfZq"
NykhoCastillo,,"Cuando ves q la democracia se la puede llevar por el orto una sola persona, te das cuenta q esa tal democracia, no‚Ä¶ https://t.co/0MMlkYHusA"
Leonard11991323,,"Y nos volvieron como Venezuela sacando pol√≠ticos de la oposicion, procuradora c√≥mplice del Uribismo, mientras guard‚Ä¶ https://t.co/XR7lSuoPeE"
franco_laverde,,"#QueSancionenA al pat√©tico costurero #felipezuleta lamesuelas de Duque !!,que no se le note su animadversi√≥n contra‚Ä¶ https://t.co/y8lqDnVJ8Y"
abrahamcuri,En mi Corralito de Piedra,"@octaviomonroyb @CatheCordoba @fdbedout @PGN_COL Ej: Alcalde de Cartagena Quinto Guerra, la Corte ni se pronunci√≥.‚Ä¶ https://t.co/pbZ3Zetccd"
Giancarloscine,,"Qu√© alguien le diga a @QuinteroCalle #Quintero que la decisi√≥n de ayer ocurri√≥ en el marco de un pa√≠s democr√°tico,‚Ä¶ https://t.co/a4EuiTjL3E"
GabbyG1l,Medell√≠n,"Uno tiene derecho a hacer cr√≠ticas a no comer entero, a no estar de acuerdo con #Quintero (porque sabemos lo que ha‚Ä¶ https://t.co/5Nu2z1SCB8"
SalseRock_,Bogota,"Ok est√° bien la sanci√≥n a #Quintero  pero le pregunto a la @PGN_COL para cuando la sanci√≥n para Zapateiro,  Duque y‚Ä¶ https://t.co/bEmQ6Nk9S2"
SantaValen20,,"#Quintero amigo el pueblo est√° contigo  todos a las calles!
La democracia ya no se silenciada m√°s."
Angelpragma,,"@vanedelatorre #LoDeQuinteroEs grave por dos razones:

1Ô∏è‚É£ Queda en evidencia la persecuci√≥n del gobierno a la opos‚Ä¶ https://t.co/Ckqz52paWF"
fuk_thesystem_,,Despues de #Petro viene #Quintero en el 2026
Diego_A_GM,la capital de la resistencia,"El cambio, en primera! #Quintero"
Cp_Quintero,"Avenida Bulnes 120, Quintero","#Quintero cubierto y niebla este mi√©rcoles #11deMayo2022
Puerto con restricciones.
11.5¬∫ C y casi sin viento.

‚öì‚Ä¶ https://t.co/MuIg6dXKXM"
wilceve,Bogot√° ,"#LaEncuestaDice, que el cambio se gesta a la izquierda y en primera. #ElCambioEnPrimera
#QueSancionenA
#Quintero https://t.co/nqPaHWXFyz"
jcme3,,@Tyche78Tyche Q llueva hoy si #Quintero es un idiota.
wadiaz74_2,Colombia,"@jorgecura1070 No tiene competencias, pero si fuese as√≠ esperamos tambi√©n la suspensi√≥n de Iv√°n Duque,del General Z‚Ä¶ https://t.co/sRIlCKyGdl"
sarache88,Medell√≠n,Ya sabemos qui√©nes est√°n en contra del Cambio: son ellos la pol√≠tica del continuismo y del retroceso.‚Ä¶ https://t.co/aumGRZjzp2
93Harold25,,"#Quintero una raz√≥n m√°s para votar por el cambio ""en primera"" 
¬°No pasar√°n!"
GUribe77892431,"Bogot√°, D.C., Colombia",#Quintero el que rompe la lay debe responder por ello.
wlasoga2,Chile,"@harmanfelipe @QuinteroCalle INMIGRANTES d√© Colombia LATINOAMERICA üåé PRESENT√â üá®üá¥üá®üá±üáµüá™üáßüá¥üáßüá∑üá™üá®üá∫üáæüá¶üá∑.
#Quintero Ser√° nues‚Ä¶ https://t.co/PGf1h3T5lt"
93Harold25,,"El alcalde Quintero es el claro ejemplo de resistencia en Medell√≠n. No pasar√°n.
#Quintero"
93Harold25,,#Quintero la decisi√≥n popular se debe respetar.
plebiscitoanual,,@lorena_meneses #aprueboplebiscitodesalida de fundicion ventanas desde #quintero #puchuncavi #nomaszonadesacrificio‚Ä¶ https://t.co/AtzrCv6JBx
plebiscitoanual,,@PrimeraLineaTw #aprueboplebiscitodesalida de fundicion ventanas desde #quintero #puchuncavi #nomaszonadesacrificio‚Ä¶ https://t.co/2JrmTNmBfi
plebiscitoanual,,@FrenteRebeldes #aprueboplebiscitodesalida de fundicion ventanas desde #quintero #puchuncavi #nomaszonadesacrificio‚Ä¶ https://t.co/R7yGKGYuiP
plebiscitoanual,,@OcielTorres3 #aprueboplebiscitodesalida de fundicion ventanas desde #quintero #puchuncavi #nomaszonadesacrificio‚Ä¶ https://t.co/P2dfnJHcng
plebiscitoanual,,@andres20ad #aprueboplebiscitodesalida de fundicion ventanas desde #quintero #puchuncavi #nomaszonadesacrificio‚Ä¶ https://t.co/Hag7Lsk8fz
plebiscitoanual,,@FlorenciaLagosN #aprueboplebiscitodesalida de fundicion ventanas desde #quintero #puchuncavi‚Ä¶ https://t.co/zI9bDUQrpe
plebiscitoanual,,@Margagarcicl #aprueboplebiscitodesalida de fundicion ventanas desde #quintero #puchuncavi #nomaszonadesacrificio‚Ä¶ https://t.co/bOyO4u511r
PactoHisterico_,Colombia,"Daniel Petrintero
#QueSancionenA #elcambioesenprimera #quintero https://t.co/Ac0gKUlHgi"
dialberto8,Colombia,"Ahora ven porque @petrogustavo no ha renunciado a su cargo de congresista?
Para la muestra un bot√≥n lo que acaban d‚Ä¶ https://t.co/fdhsEEh26h"
johannapmerchan,bogota,"#Quintero medell√≠n no debe dejar que los corruptos sigan manipulando todo, ustedes son gente berraca y trabajadora‚Ä¶ https://t.co/8NEZ0Yvkfg"
Vivianaricob,Colombia,"@PGN_COL Est√° decisi√≥n es pol√≠tica, ninguna reforma le puede brindar a este ente administrativo las facultades que‚Ä¶ https://t.co/jVh82g4J3j"
Athocha,Bogota/Colombia,#Quintero 2026 Nuevamente La Procuradur√≠a Inicia Una Campa√±a Presidencial...ü§£ü§£
AlejandroMMT1,,Saluden al pr√≥ximo presidente de Colombia ( despu√©s de Petro ) #quintero
Chiris_sanchez,Medellin,"@DanielSamperO Por eso mismo estoy en desacuerdo con la suspensi√≥n de #Quintero, por la manera tan acomodada y desi‚Ä¶ https://t.co/ZbPvSXwCEE"
AndresArismendy,"Medell√≠n, Antioquia","#ElCambioEnPrimera #ProcuraduriaDeBolsillo #Quintero 
P√≠ldora para la memoria https://t.co/pehnsSD9yB"
ElpiopiodelaTAD,Sierra Nevada de Santa Marta,#Quintero  el cambio en primera nojoda
Enterate_Bogota,"Bogot√°, D.C., Colombia",#ATENCI√ìN | La Procuradur√≠a decidi√≥ iniciar investigaci√≥n disciplinaria y suspender de manera provisional del cargo‚Ä¶ https://t.co/gusovMk7rU
kmilo8038,,#QueSancionen al que con sus actuaciones atente contra el Estado de Derecho... @WRadioColombia ser√≠a chevere pregun‚Ä¶ https://t.co/Oo84wTKXxT
Javier30Perez,Barranquilla Colombia,@NestorMoralesC Puede el alcalde #Quintero participar en pol√≠tica mientras se encuentra suspendido? @UltimaHoraBLU
tutrinos,new york,@FicoGutierrez Pero no se nos olvide que petro est√° doblando a Fico en votos !!!#ElCambioEnPrimera‚Ä¶ https://t.co/lwajVeq7PK
tutrinos,new york,"@ElQueLosDELATA @JuanTrujilloC OJO LA BESTIA EST√Å HERIDA DE MUERTE , ESTA DANDO SUS √öLTIMOS COLETAZOS EL 29  LE DAM‚Ä¶ https://t.co/MqV2pegGDm"
Angelpragma,,@fdbedout Con lo de #Quintero queda totalmente claro que la rama judicial es simplemente una extensi√≥n del ejecutiv‚Ä¶ https://t.co/9Fe19VeB22
Angelpragma,,"La sanci√≥n a #Quintero en cuesti√≥n de horas, pone en evidencia el desespero por no perder el poder.
Saben que la im‚Ä¶ https://t.co/7MRWRjKE0X"
healthbico,Colombia,"Mira todo lo que pasa, cuando hay tiempo para ti? Tu salud es lo m√°s importante, Agenda tu consulta‚Ä¶ https://t.co/RgfIMFQ5Hy"
Angelpragma,,"#Quintero
El uribismo esta tan desesperado, que no le importa mostrar como maneja la procuradur√≠a a su voluntad, ta‚Ä¶ https://t.co/R78aehsWyI"
AVANZARAHORA,,"#quintero !  
Ahora el cambio se viene ! La procuradur√≠a una de las muchas razones m√°s para querer un cambio y vota‚Ä¶ https://t.co/2jPC8N6hJp"
Angelpragma,,"La inmediata sanci√≥n a #Quintero, por parte de la procuradur√≠a, algo totalmente inusual, demuestra flagrantemente q‚Ä¶ https://t.co/oxjtgA965p"
AVANZARAHORA,,"#Quintero #Zapateiro que nuestra indignaci√≥n se sienta este 29 de mayo en las urnas !  Nuestra rabia, por lo que pa‚Ä¶ https://t.co/kBOGBx58xN"
AVANZARAHORA,,#Quintero  la destituci√≥n de el alcalde de Medell√≠n nos tiene que ense√±ar que si no nos unimos contra todo ese esta‚Ä¶ https://t.co/dQgOeawgFw
8389amanda,Cali,"#Quintero Nada m√°s aterrador,  desgobierno absoluto. #QuinteroSeQueda ."
AVANZARAHORA,,#quintero no es exagerado ya podemos ver qu√© en Colombia SI HAY UNA MAFIA POL√çTICA SELECTIVO han denunciado a duque‚Ä¶ https://t.co/rg6XiUQ76R
ufoguio,Colombia and Beyond,@WRadioColombia @Laurasanchez83 @Chriscoleal #SuspenciondeQuinteroEs m√°s fuerza para la democracia que se revela an‚Ä¶ https://t.co/fLNhogxlps
AVANZARAHORA,,#Quintero  para esto si sirve la procuradur√≠a??? Para esto para seguir el mismo camino de inmundicias! Porque no de‚Ä¶ https://t.co/3ca5islA1v
AVANZARAHORA,,"#Quintero seguiremos opinando ???
@PGN_COL la.corruocion que los envuelve es tanta que ya no lo PERMITIREMOS m√°s !!‚Ä¶ https://t.co/sbz2t0l0f8"
AVANZARAHORA,,"#Quintero la procuradur√≠a vendida y corrupta nos demuestra la inmensa corrupci√≥n! Que indignante, que abaricia! Que‚Ä¶ https://t.co/q3UUuk708m"
Pamelas_Chu,,Me les pierdo un rato y me encuentro con buenas noticias... @QuinteroCalle puede pasar la HDV a una empresa de cond‚Ä¶ https://t.co/Ds0RSCP2LB
jairoanibalmch,Valencia ,"#EsInaceptable. Con una tutela, eso deber√≠a solucionarse r√°pidito. No olvidar la clara observancia al control de co‚Ä¶ https://t.co/4bdKd8Tpzl"
QuisoboniJose,,"@PGN_COL @QuinteroCalle ser√° nuestro presidente despu√©s de @petrogustavo 
#quintero"
miangelsvie,Bogota,"Que m√°s tenemos que ver del uribismo para que respete la voluntad del pueblo: violacion de derechos civiles, un gen‚Ä¶ https://t.co/WZ99MdWKgR"
luisjusto1985,,@diamaov #Quintero usted es un berraco q se ha hecho respetar y admirar. Tal perversidad  d √©sta @PGN_COL en manos‚Ä¶ https://t.co/Ca4u4UDOdF
betohurtadob,,"Mil gracias se√±ora cabello por tan maravillosa gesti√≥n.
Catapultas a @petrogustavo para ganar la presidencia y a su‚Ä¶ https://t.co/Bq0luXCMSL"
rematador7,En tododos lados,#Quintero el #Matarife1087985 dice q es un honor patri√≥tico asesinar personas inocentes para enaltecer a las fuerzas armadas de Colombia üá®üá¥
JorgeRz87,,Ya los #URIBESTIAS llorando porque meter primera en un veh√≠culo es apoyar a #petro #Payaso son m√°s imb√©ciles vamos‚Ä¶ https://t.co/EcuDQdCPil
FE_lipeOrtiz,,"El cambio, ¬°En primera! üí•
Jam√°s pens√© que un uribista lo entendiera, a√∫n as√≠, la CIDH fue clara en el caso‚Ä¶ https://t.co/GZKLs8uYnh"
JuanFelipelvar2,"Medell√≠n, Colombia",@vindiesel se pronuncia frente al presunto caso de #Quintero por participaci√≥n pol√≠tica (?) https://t.co/oRCIvsHBTo
cesarValenciam,BOGOTA,No solamente Medell√≠n debe salir apoyar a #Quintero sino toda Colombia #ElCambioEnPrimera
ArakFialloNancy,"Bogot√°, D.C., Colombia","üá®üá¥üÜò #GolpeDeEstadoEnMedellin 

@CIDH vuelve y se repite! 
#Quintero https://t.co/uNj2kw2wf9"
DeisyCris_,"Medell√≠n, Colombia",#GolpeDeEstadoEnMedellin es que la procuradora destituya a #Quintero ¬øY a ella qui√©n la destituye?
revistaquiero1,Monter√≠a - Colombia,"#EsNoticia | Procuradur√≠a suspende y pide investigar al alcalde de Medell√≠n, Daniel Quintero y tres funcionarios p√∫‚Ä¶ https://t.co/4PBAkxtOtM"
lizaruiz16,"Medell√≠n, Colombia","Vea ud, esa procuradora de bolsillo emberraco m√°s a la gente para votar el 29 de mayo. Creo q la jugada sali√≥ en co‚Ä¶ https://t.co/3U8zfbqN5H"
Eliancarlos__,,"Practicamente el inepto de Duque particip√≥ en politica y no pas√≥ nada, lo mismo con Zapateiro, entre otros, la proc‚Ä¶ https://t.co/ZcOg7QYbc5"
Aicardo0228,Cali-Valle,@IvanDuque al darse cuenta de la d√©cision de la procuradora #procuraduriadebolsillo #Quintero #DanielQuintero https://t.co/iH30ye1FFr
Diomedesanchezp,,"Se√±ores @PGN_COL cuando sale la suspensi√≥n al general de la mafia @COMANDANTE_EJC, al inepto de presiente‚Ä¶ https://t.co/EU6nTZ7UUe"
quediceamigo,,Ojo #Medell√≠n...ya esta estrategia la ha usado el desequilibrado para llamar a sus v√°ndalos y para incitar a destru‚Ä¶ https://t.co/xamcYBs9vr
AndyDufresne042,"Medellin, Colombia","Margarita Cabello deber√≠a empezar la notificaci√≥n de sustituci√≥n con: Comunidad informa...
@PGN_COL 
#QuinteroSeQueda 
#Quintero"
diegodaar,pereira risaralda,#Quintero La procuradur√≠a le acaba de otorgar la presidencia a Petro en primera vuelta..... Quintero sucesor!
diego_fer22,Colombia - Cali,"La suspensi√≥n PROVISIONAL de #Quintero es m√°s que clara, pero tiene como salir librado‚Ä¶

Debemos apostar al cambio‚Ä¶ https://t.co/6byj7rw03q"
Erick_O_Music,,"Lo mejor es que esta arbitraria persecucion contra @QuinteroCalle solo le suma mas votos a @petrogustavo, hasta bru‚Ä¶ https://t.co/VoMp6l16ph"
joseale30251145,"Bogot√°, DC, Colombia","#LaGranEncuesta
Si rcn dice que la intenci√≥n de voto por @petrogustavo es del 47%...
De seguro la intenci√≥n es de m‚Ä¶ https://t.co/a8yce42mGi"
Insurrekta2,,Cuando te destituyen de tu cargo p√∫blico por  utilizar carro con cambios  #Quintero
vane05237110,"Cartagena, Colombia","De acuerdo con la jurisprudencia en cita, en caso de una falta absoluta de un alcalde (electo, en el caso presente)‚Ä¶ https://t.co/pxCOS0UAAY"
SomosFancom,Medell√≠n - Colombia,#Quintero y #Petro consideran golpe de estado la decisi√≥n de Procuradur√≠a de suspender al alcalde de #Medell√≠n https://t.co/ss9TZlVYam
Gsuarezl,Colombia #economista,La @PGN_COL acaba de impulsar candidatura de #petro y lanzar a #quintero a la pol√≠tica nacional. El video de‚Ä¶ https://t.co/m5Ukaov5Uk
Kamila09764100,,@diamaov #Quintero alguien me puede decir en que parte del video @QuinteroCalle menciona alg√∫n partido pol√≠tico seg‚Ä¶ https://t.co/hrMNOwhVaI
leloushorion,"Medell√≠n, Colombia",Estamos contigo #Quintero üí™üèæ
HaroldBaronR,,"Sale el tiro por la culata para el Uribismo. 

Suspensi√≥n de #Quintero por parte de la #Procuradur√≠a donde se desco‚Ä¶ https://t.co/JYUqwfKvAx"
mharold01,,"@J_Upegui @QuinteroCalle @CIDH Cu√°l cambio hombre !
Todo debe ser a su ama√±o para tenerlos contentos‚Ä¶
El se√±or‚Ä¶ https://t.co/le0nBw0w8T"
calidenunciante,Cali,"candidato del gobierno.
Toda esto es lo que  nos deja a√∫n mas claro que #Colombia necesita un #cambio y debe tomar‚Ä¶ https://t.co/NGeKPeMnkf"
vane05237110,"Cartagena, Colombia",Concepto Sala de Consulta C.E. 624 de 1994 Consejo de Estado - Sala de Consulta y Servicio Civil #quintero
vane05237110,"Cartagena, Colombia",el Procurador General de la Naci√≥n no puede desvincular a los alcaldes municipales con fundamento en la atribuci√≥n‚Ä¶ https://t.co/Gu7R7yqZPv
Lucas_Restrepo,Fuites ,8. El uribismo parece convertirse en su nemesis: una facci√≥n alzada en armas aprovecha la crisis del Estado para oc‚Ä¶ https://t.co/iPfyolbqWZ
Lucas_Restrepo,Fuites ,La intuici√≥n de Schmitt es interesante porque distingue pol√≠tica y Estado desde el tipo de relaci√≥n que se establec‚Ä¶ https://t.co/2zDD08JMSG
Danicitaca,,"Todos los pol√≠tiqueros publicitan sus candidatos, pero a los √∫nicos que les aplica la ley es a los que buscan el‚Ä¶ https://t.co/oddJaQHoD9"
FA1S4N,,"En la escala Amber como se sienten?
#Quintero #zapateiro #cambioenprimera #lagranencuesta https://t.co/USv6hSPNAy"
tajacu107,"Bogot√°, D.C., Colombia","Yo no voy a refutarle a #MargaritaCabello por haber sancionado a #Quintero por participar en pol√≠tica, lo que voy a‚Ä¶ https://t.co/bpmGkYlUgF"
healthbico,Colombia,"Mira todo lo que pasa, cuando hay tiempo para ti? Tu salud es lo m√°s importante, Agenda tu consulta‚Ä¶ https://t.co/ndEnl7afV9"
Hernan_vargasm,"Medellin, Colombia",Alcalde pues tambi√©n hay parte positiva. Lo que est√°n haciendo es ponerlo el trampol√≠n para 2026. Por el cambio‚Ä¶ https://t.co/3k5ChPzZD9
charlsounds, Colombia,"Margarita Cabello Blanco al servicio del Uribismo, el paramilitarismo y la clase pol√≠tica tradicional.
No se puede‚Ä¶ https://t.co/Fes66UhHDP"
Alej0_Cuervo,,Suspendido......en primera! #payaso #revocatoria #quintero #DanielQuintero
OilColombia,,"@roberto_burbuja @DonIzquierdo_ @QuinteroCalle La gente de bien de Medell√≠n no lo quiere, esa gente de bien solo qu‚Ä¶ https://t.co/JodImGwHkx"
cecimosquera,Medell√≠n- Colombia,"Lo de #Quintero es s√≥lo para apagar el incendio que hab√≠a generado el video de Zuleta,solo se victimiza, por alg√∫n‚Ä¶ https://t.co/839u99yI4v"
OilColombia,,"Les duele que el pueblo se ha despertado y no cree en Fico=Duque 2.0, el presidente y todo sus aliados comienzan la‚Ä¶ https://t.co/qlvnRRj7cH"
montesalvarino,Cartagena.col,Fuerza üí™ #Quintero
EmilioV12647848,,#Quintero la voz del pueblo es la voz de Dios y el voto del pueblo dar√° el golpe de estado...todos con #GustavoPetro
FelipeHernand3z,Bucaramanga - Santander Depart,"No se puede tolerar ni la participaci√≥n pol√≠tica del alcalde #Quintero con Petro, ni la participaci√≥n del in√∫til de‚Ä¶ https://t.co/fIZiNPHqPg"
ORREGO0211,"Medell√≠n, Colombia","Las intervenciones en pol√≠tica del inepto de @IvanDuque y el asesino de @COMANDANTE_EJC  son aceptadas, pero las de‚Ä¶ https://t.co/tPM4gUZfIb"
WilliamAlonsoEM,Medell√≠n,"@MajoBotia No, #quintero le puso una trampa a la Procuradur√≠a y margarita cabello cay√≥ como buena uribita con probl‚Ä¶ https://t.co/XCBNi4m7Hj"
JhonStivenTo,"medellin, antioquia, colombia","Para aprender a conducir bien es importante escuchar las indicaciones de un cracküëèüèΩ
#Quintero https://t.co/eHk25hcllz"
AndreaAriasBel1,Fucked up City ,#Quintero apoyo total. Que impotencia tan HP pero sabemos que vamos a ganar. https://t.co/1AVcRkPUwF
Ludwyng7,en algun lugar de colombia ,"@PGN_COL La #CIDH ha sido clara: la #Procuraduria NO puede suspender a funcionarios de elecci√≥n popular, as√≠ qued√≥‚Ä¶ https://t.co/ETS2a1w3TV"
estalales,,Porque permite al alcalde d Barranquilla y al general zapateiro entre otros funcionarios le hagan campa√±a a Fico Gu‚Ä¶ https://t.co/dWkD91AGdo
Ludwyng7,en algun lugar de colombia ,"@IvanDuque @FNGSA La #CIDH ha sido clara: la #Procuraduria NO puede suspender a funcionarios de elecci√≥n popular, a‚Ä¶ https://t.co/3T7ICuKPGZ"
IRMO_DE_JESUX,Desde cualquier lugar de #Mund,@PGN_COL Ser√° #Procuradora tengo para decirle que #Quintero fue el √∫nico alcalde que no efectu√≥ contrataci√≥n en la‚Ä¶ https://t.co/NgKvLD4M1a
Ludwyng7,en algun lugar de colombia ,"@IvanDuque La #CIDH ha sido clara: la #Procuraduria NO puede suspender a funcionarios de elecci√≥n popular, as√≠ qued‚Ä¶ https://t.co/LBfqSyIv2s"
Ludwyng7,en algun lugar de colombia ,@IvanDuque @mindefensa La #CIDH ha sido clara: la #Procuraduria NO puede suspender a funcionarios de elecci√≥n popul‚Ä¶ https://t.co/sQYEDdvMHE
AlejandroLSFD,"Bogot√°, D.C., Colombia",Lo de #Quintero @QuinteroCalle y @PGN_COL fue un FAVORSOSKY
karinerestrepo,"Medell√≠n, Colombia","@PGN_COL estamos esperando la investigaci√≥n para estos alcaldes, o acaso le ley no aplica para todos??‚Ä¶ https://t.co/koV0nbYUkL"
andreju127,"Bogot√°, D.C., Colombia",#CambioEnPrimera #quintero #presidente2026 @QuinteroCalle vamos por el cambio #2022
IRMO_DE_JESUX,Desde cualquier lugar de #Mund,"@petrogustavo @CIDH A la calle se√±ores, #Quintero no esta solo!!"
Jlmedina168,,Esto no lo cambia nadie #Quintero https://t.co/p6DfO9cG24
IRMO_DE_JESUX,Desde cualquier lugar de #Mund,"@DCoronell @PGN_COL @estoescambio Esta veija es la que esta intervenir do en politca, la desicion dem√°s que la tom√≥‚Ä¶ https://t.co/OZbhCDqqig"
pipeff27, Bucaramanga Colombia üìö,"#quintero  #MargaritaCabello  #Fascismo 
Fascismo puro y duro!!! https://t.co/tLrhMS0omm"
geeduar2,"Ibagu√©, Colombia","La Procuradur√≠a pudiendo actuar con grandeza y responsabilidad prefiri√≥ actuar de manera servil,a favor de los pode‚Ä¶ https://t.co/uhFDD9OxxB"
karinerestrepo,"Medell√≠n, Colombia","¬øPara cuando la investigaci√≥n de estos alcaldes? @PGN_COL
#Quintero #CIDH #ElCambioEnPrimera‚Ä¶ https://t.co/IwA7Mp78Vi"
juan_mr71,,Apoyo total a #Quintero @QuinteroCalle @CIDH #CIDH #ElCambioEnPrimera. Vamos a defender la democracia.
Cizanaparatodos,"Tolima, Colombia","La #CIDH ha sido clara: la #Procuraduria NO puede suspender a funcionarios de elecci√≥n popular, as√≠ qued√≥ estableci‚Ä¶ https://t.co/xXr4pfZYg2"
ruiz_yamel,,"#Quintero es claro que la procuradora, el gobierno Duque y Uribe est√°n amangualados y haciendo pol√≠tica por el candidato del continuismo."
RodrigoDDHH,Colombia,Vengo del futuro a decirles que despu√©s de la presidencia de @petrogustavo El presidente en el 2027 es‚Ä¶ https://t.co/UQw4uJrgKS
maicajamarca_,"Villavicencio, Colombia",Lo que le hizo la procuradur√≠a hoy a #Quintero nos confirma que nos convirtieron en la Venezuela de la que supuestamente nos quer√≠an salvar.
Elkinnain1,"Medell√≠n, Colombia","#LaGranEncuesta si las elecciones fueran ma√±ana por quien votar√≠a, vamos a ver.
#quintero
#DesafioTheBox2 
#procuradur√≠a 
#"
ruales_romo,,"La persecuci√≥n a la oposici√≥n  se ve reflejada hoy, ACLARO, No es Venezuela es en Colombia 
Todos con #Quintero"
Lufejira1982,Medell√≠n Colombia,"#ElCambioEnPrimera 
As√≠ a la Procuradora de Duque no le guste.
#Quintero
#Procuraduria
#Zapateiro"
cyntiaidelsa,"Medell√≠n, Colombia",Calientaaaa @JDValde para ser el nuevo alcalde de Medell√≠n ‚Ä¶. Jajaja  #Quintero https://t.co/doFR5HYong
diegonoticiass,"Bogot√°, D.C., Colombia","Quien no madruga ma√±ana?
Qui√©n?

#Quintero https://t.co/c9YyA5cVCT"
Juano_alive,,¬øQue se les hace raro? No sab√≠an que la procuradur√≠a desde tiempos es una instituci√≥n m√°s a favor de la presidencia‚Ä¶ https://t.co/PzjcQedgtq
juan_mr71,,Apoyo a #Quintero
juan_mr71,,Suspender a #Quintero es un ataque a la democracia y m√°s cuando #CIDH ya tiene una sentencia diciendo que no tiene‚Ä¶ https://t.co/Ntonj5tpC7
perez_surely,Medellin,"Es el comienzo para todas las investigaciones que se les viene, #Quintero"
Applese09282805,"Bogot√°, D.C., Colombia",Definitivamente estamos en una #DICTADURA #golpedeestadoenmedell√≠n #Quintero
perez_surely,Medellin,"Te vas!, que felicidad! #Quintero"
stefannyolaya,Bucaramanga - Colombia,C√≥mo los asusta el #CambioEnPrimera !!! #Quintero
megaburro_polit,Colombia,#Quintero #QuinteroSuspendido #UribeParacoHpta #LaOrdenVieneDeArriba #laordenvienedeuribe #Uribe‚Ä¶ https://t.co/n5WDev589h
LibertatyOrden,Colombia,#Quintero ESTAFADOR!! https://t.co/5WeKa0yh4B
diamaov,,Quieren recuperar por las malas lo que ganamos por las buenas. #Quintero
felipenations,Colombia,#Quintero si sabr√° que es √©l no gobierna un ‚ÄúEstado‚Äù sino un territorio muy peque√±o del Estado! Cu√°l golpe de Estad‚Ä¶ https://t.co/yXXTXWIsWF
odiolaizquierda,"Bogot√°, D.C., Colombia","Lo suspendieron pa que siga de marica

#Quintero"
DIAPOLA,"Fort Myers, FL",@jarizabaletaf Lo de #Quintero es una cortina de humo de la inepta @PGN_COL ‚Ä¶ Colombia no come cuento ..!!!
ElValleEsValle,"Valledupar, Colombia",La Procuradora Cabello bati√≥ record de velocidad suspendiendo al alcalde de Medell√≠n Daniel #Quintero mientras las‚Ä¶ https://t.co/p5xTZkl73Y
CiudadLibroz,"Tunja, Colombia",Lo malo no es que suspendan a #Quintero si violo la ley debe pagar.  Lo malo es que no se suspenda a todos los que‚Ä¶ https://t.co/BQK89UVrdC
DIAPOLA,"Fort Myers, FL",@PGN_COL As√≠ es lo de #Quintero es para que pensemos que la @PGN_COL trabaja mucho ‚Ä¶ Cortina de humo üí® de la corrup‚Ä¶ https://t.co/Wq2j70xaxZ
cordobahumana,,La procuradora es la loca de las naranjas. #Quintero #golpedeestadoenmedell√≠n #ElCambioEnPrimera
annybetancur,"Medell√≠n, Colombia",Ese space de #Quintero que rolada tan hp. No lo soportaron mis o√≠dos
CarlosDCuesta,"Villanueva, Casanare. Colombia",Ahora uno no puede grabarse manejando? #Quintero
mane_sabio,Versalles-Connecticut,"#Quintero 
Y aj√°..
Ya de una vez. https://t.co/xqzcRGJ9rP https://t.co/X69y6VHE1H"
MsGreisyT,On BBms!,"Y ahora #ElCambioEnPrimera 
Se pudo y se podr√° @QuinteroCalle  #Quintero #Pinturita https://t.co/5vI0CoEYrR"
comunicauca,,"Juan Guaid√≥ @jguaido se autoproclamar√° alcalde interino de Medell√≠n. 

#Quintero"
cordobahumana,,"La loca de las naranjas y el cambio en primera. Ejemplos de como ganar una elecci√≥n presidencial.
#golpedeestadoenmedell√≠n #Quintero"
opinoeso,chupame este penco,"No suspendieron al marrano de Duque que s√≠ tiene candidato pero a #Quintero si lo sancionan, pa√≠s de ratas y de mie‚Ä¶ https://t.co/3U4CrRDt4v"
vivapetrosky,Colombia,Si #Quintero no gobierna vamos a la calle @QuinteroCalle
estebansiman,"Bogot√°, colombia",Parce yo no entiendo por qu√© en todo lo qu√© pasa en el pa√≠s meten a #Petro. Ahora y que #Quintero que la‚Ä¶ https://t.co/tWz33dPyhD
Gustavo_otero2,,@PGN_COL  ¬øya investigaron el  proselitismo de la alcald√≠a de Barranquilla  en apoyo a la campa√±a de Federico Guti√©‚Ä¶ https://t.co/NTVU8FCGqv
lmvillarreal9,,@RodrigoUprimny El video de a.pinturita invitando a votar por #ElpactodelaPicota era la gota que derramo el vaso ll‚Ä¶ https://t.co/0NVreqhRHM
Gitan_12,"Frankfurt am Main, Alemania","#Quintero me parece p√©simo alcalde, pero ave Mar√≠a suspenderlo por eso es est√∫pido, muchos alcaldes si ha estando e‚Ä¶ https://t.co/kmzyyNEBWY"
NathaCardenas,bogota-colombia,"A pero a Duque si no lo suspenden, es porque Margarita Cabello es uribista.  #Quintero"
ArbelaezGeek,Edison NJ 08817 USA,@PGN_COL Se Le fueron las luces o + Bien est√° haciendo caso al loco d su patron #Matarife Sra. Margarita Cabello‚Ä¶ https://t.co/okw29AkxK3
Jimmy_Diaz91,,Est√°n tan asustados que con cada movimiento se hunden m√°s! Suspender a Quintero nos har√° ganar en primera vuelta.‚Ä¶ https://t.co/uG7sXVTACV
otrapetite,"Cali, Colombia",En primera no! En reversa! #Quintero
LuisFdoLedesma,"Medell√≠n, Antioquia",El Art 23.2 de la Convenci√≥n Americana es claro:  NO se permite que √≥rgano administrativo alguno pueda aplicar una‚Ä¶ https://t.co/D3t5oGZFI8
GabbyG1l,Medell√≠n,Aqu√≠ esperando los tweet de @YessidAlvarez  sobre #Quintero. https://t.co/lyNNPcy5Oe
mane_sabio,Versalles-Connecticut,"#Quintero 
Ciertamente sus contradicciones interviniendo en pol√≠tica.
Y el del atraco quien fue?‚Ä¶ https://t.co/Tsz540GkAc"
SomosFancom,Medell√≠n - Colombia,#Quintero y #Petro consideran golpe de estado la decisi√≥n de Procuradur√≠a de suspender al alcalde de #Medell√≠n https://t.co/ss9TZmdzyW
SweetRoox,,"Cuando uno piensa que no pueden ser m√°s c√≠nicos, m√°s descarados‚Ä¶#Matador000 #MargaritaCabello #GolpeDeEstado‚Ä¶ https://t.co/RlPlQUVnYU"
capuleto13,"Bucaramanga, Colombia",Deber√≠a denunciarse a la @PGN_COL por TR√ÅFICO DE INFLUENCIAS  ü§ù porque suspenden a @QuinteroCalle y no dicen nada d‚Ä¶ https://t.co/A0jJauMtKn
EdwinDaniSonza,"Bogot√°, D.C., Colombia","Quintero chao chao chao üé∂üé∂
#Quintero"
MateoCa98547086,"Copacabana, Colombia","#Zapateiro #ParoArmado #Quintero 

No se si seguir preocupado por este escenario pol√≠tico o de crecer mis inversion‚Ä¶ https://t.co/VV7oPnjb7v"
JuniorMaldo0,Frontera Catatumbo ,Aveces uno no sabe qui√©n tiene m√°s intervenci√≥n en pol√≠tica el silencio de Procuradora gerenal de la Naci√≥n  Margar‚Ä¶ https://t.co/zF9jcHrigC
eveortega12,Colombia,Absurdo solo act√∫an cuando les conviene #procuraduriadebolsillo #Quintero
JersoonDuque,"Cali, Colombia",#Quintero ¬øC√≥mo le oler√° la boca a la procuradora Margarita Cabello con esa lambida de culo tan hp que le acaba de‚Ä¶ https://t.co/4S4IRYxglK
florencio_sanch,,"Atenci√≥n. Suspenden a los alcaldes de Medell√≠n e Ibagu√© por participaci√≥n en pol√≠tica. 
Vea la informaci√≥n en‚Ä¶ https://t.co/O2ChuArILU"
JOSEMANUELTM_,"Santa Marta, Colombia",Procuradur√≠a de bolsillo esa . Si van a suspender a #Quintero pues tambi√©n entonces tienen que suspender  a #Duque‚Ä¶ https://t.co/jfRpWDdJQ4
LaLeidyys,Colombia ,¬øY para cu√°ndo la suspensi√≥n de Duque? Ese si le hace campa√±a a Federico de frente y descaradamente!‚Ä¶ https://t.co/1HUp26yZ0L
JulietaMina4,,#Quintero se queda!
HoyNarino,"Nari√±o, Colombia",#COLOMBIA #Medellin #Quintero #Procuradur√≠a || Procuradora uribista destituye a Alcalde de Medell√≠n‚Ä¶ https://t.co/z92eeuwLrW
Danii_Fernando3,"Bogot√°, D.C., Colombia","#Quintero #ElCambioEnPrimera 
Apoyo total a @QuinteroCalle !!!"
JuanCaMesa_,Berl√≠n / Bogot√°,"Pa√≠s de abusivos: que los de ayer no censuraron quemar rivales a punta de IAS, ¬øvengan ahora a hablar de golpe de E‚Ä¶ https://t.co/tpprsCQ0kL"
antonio198425,"Medell√≠n, Colombia",El cambio en primera y quema la caja jajaja  pinturita toma tu suspensi√≥n #quintero #ElCambioEnPrimera‚Ä¶ https://t.co/leFlQcUYKK
GabrielChica,"Cali, Colombia","Que @PGN_COL inicie investigaci√≥n contra #Quintero, no tendr√≠a nada de raro. Pero que suspenda provisionalmente de‚Ä¶ https://t.co/TxuVuwLxhh"
mane_sabio,Versalles-Connecticut,"#Quintero.
Un poco de humor con el
#ElCambioEnPrimera https://t.co/NOM5DS7hxw"
Ivantaborda30,,#quintero a @QuinteroCalle  lo suspenden y  a duque si normal estas cosas son las que no dejan progresar a Colombia
RafaGonzalezRG,Colombia ,El gobierno nos sigue dando se√±ales para que votemos mejor. #Quintero estamos contigo.
GabrielChica,"Cali, Colombia",La democracia est√° en riesgo porque @PGN_COL suspendi√≥ de su cargo al alcalde de Medell√≠n @QuinteroCalle vulnerando‚Ä¶ https://t.co/s4DjS0Dss4
MetArmada_Valp,"Carvallo 150, Playa Ancha",Temperaturas M√°ximas obtenidas durante esta tarde de #Martes 10 de #Mayo en las estaciones meteorol√≥gicas del terri‚Ä¶ https://t.co/OlALurWAcG
SantosTrampa,,"#Quintero

Lee uno por aqui tanta maricada:

Si lo suspenden: que es un regalazo pa Petro

Sino lo suspenden sigue‚Ä¶ https://t.co/bu3tzFox04"
ALEJOQUICENO1,"Medellin, Colombia","Ya van a empezar a decir ""Ojo con el 2026 #Quintero #DanielQuintero @QuinteroCalle presidente y en Primera"
Rialgios21,medellin,#quintero que persecuci√≥n tan brava le est√°n haciendo. Con esto  #segurosky  se por quien votar
GabrielChica,"Cali, Colombia","La democracia est√° en riesgo cuando @PGN_COL en un acto reconocible en las dictaduras, suspendi√≥ provisionalmente a‚Ä¶ https://t.co/oG86czAiiv"
mane_sabio,Versalles-Connecticut,"#Quintero.
Pos gan√≥ la consulta como gan√≥ duque la presidencia
Con los E14 remarcados
De raz√≥n ganaron‚Ä¶ https://t.co/1i6XxRohYo"
jefbanguera,Bello,"Lo mejor es que el √∫ltimo alcalde de una ciudad grande suspendido por la Procuradur√≠a, est√° peleando la presidencia‚Ä¶ https://t.co/uKPCqxWgxk"
Xandrex04,Colombia,"10 mil procesos, varios emblem√°ticos como Odebrecht, Reficar¬†(el mismo que la procudadora dijo que los funcionarios‚Ä¶ https://t.co/MxdTAGshsV"
lopeznan2010,,"Qu√© porquer√≠a estos entes de control como la procuradur√≠a en cabeza de la corrupta Cabello,Duque Zapateiro y todo e‚Ä¶ https://t.co/ReMvPlecms"
GabrielChica,"Cali, Colombia","En un acto completamente desproporcionado, @PGN_COL suspendi√≥ provisionalmente del cargo al alcalde de Medell√≠n,‚Ä¶ https://t.co/LM2nvRAj7L"
Felipebolanos10,"Pereira, Colombia","Que solo suspendan y se metan con #Quintero demuestra que nos estamos enfrentando a una manada de corruptos inmensa, Dios nos libre."
Xandrex04,Colombia,Las verdaderas intenciones de margarita cabello y su cacareada reforma al c√≥digo Disciplinario... PARA RECORDAR TAM‚Ä¶ https://t.co/lLjYsI2Iaa
ElGestor_,,#quintero #ElCambioEnPrimera #procuraduria #petro #fico . No se le olvide procuradora ponerle el ojo tambi√©n a Jorg‚Ä¶ https://t.co/4eo3VhicSi
cesarcotesh,Santa Marta Colombia,#EsInaceptable que ha Duque no le hayan hecho nada la procuraduria as√≠ como al tiktoker de #quintero
nicolas06002453,,"Aparecen para dar golpes de estado. Desconocen la Constituci√≥n y la Ley. Idiotas utiles del uribismo. 

#Quintero‚Ä¶ https://t.co/EN0DPcExxI"
GilbertGarciaSu,COLOMBIA ,A Duque solo le falta decir que se le da cola a Fico y ni as√≠ lo destituyen #Quintero
LuisAlf46046894,,#quintero Cabello Blanco Reafirma que la vuelta si es en primera
Maleja_Te,,"Sin asco, as√≠ est√°n OFICIALIZANDO la dictadura de ultra derecha en Colombia. 
#DanielQuintero #Medellin #Quintero https://t.co/go6EYCcnlm"
JesusMa77863982,"Riohacha, Colombia","El urubismo est√° ardi√≥, porque  sabe que petro ser√° el pr√≥ximo  presidente de Colombia ,se les acab√≥ el reinado .#PetroPresidente #quintero"
CristianAriasC7,,"Daniel Quintero...
¬° Calle !

#Quintero
#PinturitaChao"
PMurillopereira,"Columbia Brit√°nica, Canad√°","@QuinteroCalle Tranquilo sr #alcalde @QuinteroCalle  #Medellin te eligi√≥... 
#EnPrimera #quintero llegamos a #Francia y sin TraFico ü§ó"
MalejaV4,"Medell√≠n, Colombia",#SOS @CorteIDH la @PGN_COL de nueva cuenta vuelve violar los derechos pol√≠ticos y la garant√≠a de imparcialidad en r‚Ä¶ https://t.co/TNjMyHZPrW
juanmauriciogo,"Medell√≠n, Colombia",¬øD√≥nde puedo denunciar a la procuradora? Su actuar viola nuestros derechos de votantes @migueldelrioabg #Quintero #Suspendido
EsmeHernandezSi,,"¬øY a la procuradora qui√©n la sanciona por su participaci√≥n en pol√≠tica?

Por m√°s que quieran hacerlo fallar con la‚Ä¶ https://t.co/jCLuc42SWo"
juanmauriciogo,"Medell√≠n, Colombia","No comparto todas las formas de @QuinteroCalle sin embargo la destituci√≥n es desproporcional, desigual y autoritari‚Ä¶ https://t.co/iehSzP3RZB"
TRAUDELHURTADOV,Colombia,"Se ven perdidos y van por la suspensi√≥n de #Quintero. 
¬øQue sigue? ¬øGolpe de estado? #NoPasar√°n #FuerzaAlcalde ‚ô•Ô∏èüá®üá¥‚Ä¶ https://t.co/jjosDAgdKg"
Gabosinfiltro,,üÜò la procuradur√≠a no respeta la voluntad popular #Quintero
Zchristian1811,"Bogot√°, D.C., Colombia","Suspenden un Alcalde elegido legitimamente mediante el voto y la decisi√≥n popular. 
No cabe duda que estamos ante u‚Ä¶ https://t.co/5UGFYXAsv2"
indignadocol1,,"Otro ensayo al golpe de estado en Colombia es destituir alcaldes electos popularmente, antes, el fin de semana, se‚Ä¶ https://t.co/CiUBRg9rlv"
AndreaPinkbee,Medell√≠n-colombia,"Cuando se enteren los que quer√≠an suspenderlo, se van a morir :V #Quintero #AntiUribistaSigueAntiUribista‚Ä¶ https://t.co/Uzw4TriCaH"
Libardo_1123,Colombia,@manolitosalazar Y ser√° Presidente para dolor suyo @manolitosalazar Lameculos hijueputa #Quintero
simonpregonero1,,"Ya empieza el show del Golpe de estado de #Petro y su discipulo #Quintero!.. 

¬øHasta cuando estos izquierdosos jod‚Ä¶ https://t.co/M4EjAcUwqc"
AndreaPinkbee,Medell√≠n-colombia,#Suspendido Suspendido #Quintero #AntiUribistaSigueAntiUribista #DanielQuintero https://t.co/83jfzqmRCl
alexvesga0202,"C√∫cuta, Colombia","Se convoca ma√±ana 8am en el parque de las luces 

Gran manifestaci√≥n por parte de los centros de ense√±anza automovi‚Ä¶ https://t.co/cPZfFaIhjP"
androwvasquez,Gachancipa Cundinamarca,@QuinteroCalle En 4 a√±os #Quintero #Presidente @PGN_COL @petrogustavo
velasquezacriti,Medell√≠n,Dicen en campa√±a hagamos un pacto por la vida! Pero por una suspensi√≥n justa debida a la falta de √©tica y profesion‚Ä¶ https://t.co/xFXsTWzXpQ
Raxsofom,"Tunja, Colombia",Todav√≠a hay gente que cree que en Colombia hay democracia? #ElCambioEnPrimera #Quintero‚Ä¶ https://t.co/lKFkTKGpmh
fercholorduy,En el m√°s ac√°...,O todos en la cama o todos en el suelo. La @PGN_COL suspende a #Quintero pero ni se molesta en hacer lo mismo con‚Ä¶ https://t.co/68NHzjOh6u
PaterMionostro,A la derecha de la derecha,"@RevistaSemana Nada de presunta, #Quintero ha participado en pol√≠tica, de frente, sin asco, sin un √°pice de temor o escr√∫pulo!!"
MurdocWe,,Dizque Golpe de estado.... ü§£ü§£ Me acaban de hacer la noche y la semana #Quintero #golpedeestadoenmedell√≠n
juanmauriciogo,"Medell√≠n, Colombia","La se√±ora #Cabello acaba de violar la constituci√≥n, los acuerdos internacionales, en fin, todo junto. Muy delicado‚Ä¶ https://t.co/83n8QhHkqz"
Richar0863,Colombia,"SUSPENDIDO EN PRIMERA
#quintero
#RevocatoriaDanielQuintero

""https://t.co/ljwEcH0v3f"""
EdwarMorenoSnc1,"Cali, Colombia","#Quintero NoALaCalle No Estoy de Acuerdo Con La Suspensi√≥n del Cargo de Alcalde de Medellin de Daniel Quintero,...Que Se Quede"
agudelo_m,"Medell√≠n, Colombia. ","Con Quintero DURO
Con Zapateiro SILENCIO
¬øCu√°l es la l√≥gica de la procuradur√≠a para sancionar la participaci√≥n en pol√≠tica? 
#Quintero"
vane05237110,"Cartagena, Colombia",Lo bueno es que Quintero estar√° en campa√±a de @petrogustavo  cuando una puerta se cierra se abre el universo‚Ä¶ https://t.co/tu7OxqLfNu
juanmauriciogo,"Medell√≠n, Colombia","¬ød√≥nde est√° la suspensi√≥n del presidente, de Zapateiro, del alcald√≠a de barranquilla? Muy delicado tener un rasero‚Ä¶ https://t.co/1XyYViRKbU"
ChechismoTrad,Eternidad,"Ac√° en Colombia no se investiga a los alcaldes y se les hace un control jur√≠dico, sino que se les da un Golpe de Es‚Ä¶ https://t.co/D9r8Ij2Ul0"
Julian_KXMN,Colombia,"Te llego la hora ladr√≥n, embustero, nada de independiente, todo de pol√≠tico tradicional e incendiario, has sido la‚Ä¶ https://t.co/fC7y32QJuL"
Gsuarezl,Colombia #economista,#Quintero el uribismo y sus fichas siguen potenciando la candidatura de #petro. No han entendido! restan y restan! Persigui√©ndolo.
alexisalvarezco,Medellin,"Sanci√≥n a #Quintero Y pa cuando las sanciones a Duque y a Zapateiro ,no estamos pues en un estado ‚Äúdemocr√°tico‚Äù ?"
rafa_elcastro18,,Ni el Doctor Strange se atrevi√≥ a tanto #Quintero https://t.co/CxlQ5TKX5z
KaritoGarcia,Colombia,"Estoy muy triste: en este pa√≠s roban los pol√≠ticos, roban en la calle, roban corazones y ahora una empresa multimil‚Ä¶ https://t.co/tyhrEZ0QMc"
jefbanguera,Bello,"Dejemos que el uribismo y el fajardismo disfruten un ratico, ya hab√≠an comido mucha mierda estos meses. #CambioEnPrimera #Quintero"
GilbertGarciaSu,COLOMBIA ,Alejandro Ordo√±ez reencarno en Margarita cabello #Quintero
laperreraco,Barranquilla ,"A lo bien #quintero la embarr√≥, no fue consciente, le falt√≥ mente. Antes de ponerse a hablar de pol√≠tica, debi√≥ ser‚Ä¶ https://t.co/Oj0lf0Y0V6"
rafa_elcastro18,,Es apabullante la manera en que la Procuradur√≠a suspende de manera selectiva s√≥lo a quienes apoyan a Gustavo Petro #Quintero
fernamier,"Ci√©naga, Magdalena-Colombia",La @PGN_COL suspende al alcalde de Medell√≠n #Quintero por presunta participaci√≥n en pol√≠tica. Se√±ora Procuradora Ca‚Ä¶ https://t.co/KkTL0ruJYg
KtherinRivera,"Bogot√°, D.C., Colombia",Jajajajajaja! Como que #Quintero meti√≥ mal del cambio üòÇ https://t.co/OS72vzDH5l
PavasJohn,Bello,@ParaPenal Frente a la destituci√≥n de Quintero.Leamos la sentencia del 8 de julio de 2020 de la Corte Interamerican‚Ä¶ https://t.co/z95AD9GSnx
6Happymonty,,"Me recuerda a la procuraduria de Ordo√±es, una vez mas una Procuraduria de bolsillo, amiga intima del Gobierno, que‚Ä¶ https://t.co/wlEic98JZx"
anicamachob,"Florencia, Colombia","Es que no es solo la burla de ese v√≠deo de ayer, hoy entrevistaron a varios del combo del alcalde y eran provocador‚Ä¶ https://t.co/YXJJygGYAp"
Mochitomonteria,"Monter√≠a, Colombia",Chao Quintero. Se le dio por ser payaso y se le cay√≥ la carpa del circo arriba. No conoce la prudencia. Ahora si pu‚Ä¶ https://t.co/zyXffYMq6t
PavasJohn,Bello,@QuinteroCalle Frente a la destituci√≥n de Quintero.Leamos la sentencia del 8 de julio de 2020 de la Corte Interamer‚Ä¶ https://t.co/hoMrVmwrQ5
PavasJohn,Bello,Frente a la destituci√≥n de Quintero.Leamos la sentencia del 8 de julio de 2020 de la Corte Interamericana de Derech‚Ä¶ https://t.co/HFCDpaEwfB
Azul58022369,,¬øYa suspendieron tambi√©n a los lame culos de Duque y Zapateiro? ¬øO pa esos guevones no aplica? #Quintero
Eliancarlos__,,Toda Colombia viendo como la proculadora se las da de digna cuando Duque viene haciendo campa√±a desde hace mas de u‚Ä¶ https://t.co/5LbEuKQXrW
JohnAbril88,,La Uribista y  sinverg√ºenza deber√≠a hacer lo mismo entonces con Duque. #Quintero
Vjgonzalez1027,"Antioquia, Colombia",La procuradur√≠a suspende a @QuinteroCalle por participar en pol√≠tica! #Quintero https://t.co/TGSYd9pL2z
luzinfinita000,En todas partes,La noticia m√°s hermosa #Quintero ¬°SUSPENDIDO! @QuinteroCalle pensaste que te vas a burlar del pa√≠s entero? https://t.co/dMcxvc14Ow
laperreraco,Barranquilla ,Con la suspensi√≥n de @QuinteroCalle por la @PGN_COL Estamos esperando la suspensi√≥n de @IvanDuque (sarcasmo) #Quintero
viktorclop,"Bogot√°, D.C., Colombia","@ELTIEMPO Que hijueputa que es la procuradur√≠a suspende a Quintero, pero duque que ha intervenido de manera beliger‚Ä¶ https://t.co/qIHkSVYg2e"
juandnoticias,,"Suspenden a #Quintero alcalde Medell√≠n y al de Ibagu√© por presunta participaci√≥n pol√≠tica.

Para cu√°ndo suspenden a‚Ä¶ https://t.co/SkRpUX5Gxk"
_pelietas_,,"Ok, y para cu√°ndo la suspensi√≥n de @IvanDuque?? La ley es para todos, no? El fue el primer en fallar en dar ejemplo‚Ä¶ https://t.co/djYuHWaw7C"
olgaruiz1,,La justicia tarda pero llega!!!!! Que maldita dicha!!!!!! üéâüéâüéâüéâüéâüéâüéâüéâüéâ#QuinteroCorrupto #Quintero https://t.co/1CFNHAWEPn
MalejaV4,"Medell√≠n, Colombia",Para cu√°ndo la suspensi√≥n de #IvanDuque? #Quintero #DICTADURA #SOS @ONU_es @OEA_oficial @CorteIDH https://t.co/Jib0iarFNX
TatanMejia25,"Valpara√≠so, Chile",Ma√±ana sacan titular que #Quintero grab√≥ una volqueta con la direccional indicando a la izquierda y pedir√°n que sea‚Ä¶ https://t.co/DiD4HpWeK9
alejandra9119,Estados Unidos,"@AlbertCorredor TRABAJAR por #Medell√≠n o por #petro ? Tenga guevas y responda con la verdad, no como su patr√≥n‚Ä¶ https://t.co/wUEdI7gQBc"
FOXORNO,"Antioquia, Colombia","@MariaFdaCabal Gracias por recordar, con estos cuatro a√±os con el Nefasto de Duque, hay que hacerle caso a #Quintero"
healthbico,Colombia,"Mira todo lo que pasa, cuando hay tiempo para ti? Tu salud es lo m√°s importante, Agenda tu consulta‚Ä¶ https://t.co/nMzpt88KTn"
Cp_Quintero,"Avenida Bulnes 120, Quintero","En el marco de las actividades #MesDelMar 2022, servidores navales LSG-1621 #Quintero y de la Capitan√≠a de Puerto,‚Ä¶ https://t.co/skfgoHZmG5"
MayoVGil,,"@RevistaSemana Finalmente!!!

Lo √∫nico que faltaba era que esperar√°n para iniciar una investigaci√≥n a que este Sr.‚Ä¶ https://t.co/44rXZieMv7"
NilsonJavierB,"Medellin, Colombia","Sr. Alfonso G√≥mez M√©ndez (@gomezmendeza) Ex Procurador General de la Naci√≥n, sus declaraciones a @NoticiasCaracol e‚Ä¶ https://t.co/v5rwQvkAWt"
cacastaj,Colombia,"@QuinteroCalle #Quintero Ni siquiera logra ser original el sinuoso e ""independiente"" vendedor de humo. Su estupidez‚Ä¶ https://t.co/reJsI6nrEN"
cacastaj,Colombia,"@MariaFdaCabal #Quintero Ni siquiera logra ser original el sinuoso e ""independiente"" vendedor de humo. Su estupidez‚Ä¶ https://t.co/OrqMLSk3t0"
cacastaj,Colombia,"#Quintero Ni siquiera logra ser original el sinuoso e ""independiente"" vendedor de humo. Su estupidez deber√≠a ocasio‚Ä¶ https://t.co/OcK55Ir5hO"
cacastaj,Colombia,"#Quintero Mientras m√°s se dilate la revocatoria a este sinuoso e ""independiente"" vendedor de humo, m√°s empoderamien‚Ä¶ https://t.co/7qSx0VdWL6"
healthbico,Colombia,√önete a un equipo extraordinario de profesionales en salud que ya est√°n en HealthBI https://t.co/3YiqCN6n8t‚Ä¶ https://t.co/qHqsiz13m7
DPRValparaiso,Region de Valpara√≠so,"Desde las 00:00 hasta las 09:59 horas del mi√©rcoles 11 de mayo, de acuerdo al pron√≥stico de ventilaci√≥n atmosf√©rica‚Ä¶ https://t.co/akbAE4mc41"
luzinfinita000,En todas partes,En Medell√≠n todos deber√≠amos irnos a la alcald√≠a y exigir la renuncia al peor enemigo de la ciudad üëâ #Quintero. No‚Ä¶ https://t.co/rYnSUWLX2g
CEValparaiso,"Vi√±a del Mar, Valpara√≠so",14:32 Horas #Quintero Central SAMU despacha m√≥vil R14 a Av. Normandi altura servicentro Copec para atenci√≥n de pers‚Ä¶ https://t.co/3XOKhli9Lb
sara_marin5,,"Ya en este pa√≠s se acostumbraron a pasarse la ley ""por la galleta"", primero Duque con su participaci√≥n pol√≠tica dir‚Ä¶ https://t.co/DqbgypMOsH"
mma_valparaiso,,"Pron√≥stico para el d√≠a de hoy martes 10 de mayo, para las comunas de #ConCon #Quintero y #Puchuncav√≠‚Ä¶ https://t.co/0zzFPfCjnj"
maquinavalencia,,"#SeDestapoLaOlla vaya la movilidad en Medell√≠n es ca√≥tica y un desastre cada que llueve, su secretario de movilidad‚Ä¶ https://t.co/OQyUQ2gIcs"
jcme3,,"#Quintero no maneja ni autom√°tico.
#RevocatoriaDanielQuintero no m√°s pa√±itos con #PetroElPatronDelMal"
CEValparaiso,"Vi√±a del Mar, Valpara√≠so",12:57 Horas #Quintero Central SAMU despacha m√≥vil a calle Luis Acevedo / Alonso de Quintero para atenci√≥n de person‚Ä¶ https://t.co/ldIdhwK6bG
TatanMejia25,"Valpara√≠so, Chile","Oiga prohibido qued√≥ escuchar #aguardientosky porque seg√∫n los #uribistas, #fiquistas y #fajardistas le est√°n hacie‚Ä¶ https://t.co/1Kj97GS84H"
adriana61perei,,"#Quintero necesita un hospital digno,d√≥nde realmente puedan dar una soluci√≥n a los problemas de salud de la zona,‚Ä¶ https://t.co/crB9VYLDyY"
healthbico,Colombia,"Mira todo lo que pasa, cuando hay tiempo para ti? Tu salud es lo m√°s importante, Agenda tu consulta‚Ä¶ https://t.co/i8987FWQjy"
exploravalpo,"Valpara√≠so, Chile",En #Valpara√≠so #Quintero y #Conc√≥n existen sitios de enorme valor arqueol√≥gico llamados conchales ¬øDe d√≥nde provien‚Ä¶ https://t.co/Juq3f3DnQR
TatanMejia25,"Valpara√≠so, Chile",Lo m√°s curioso  con el video de @QuinteroCalle es que todos asocian el cambio con el candidato @petrogustavo la gen‚Ä¶ https://t.co/qLi70BJS4c
MetArmada_Valp,"Carvallo 150, Playa Ancha",Temperaturas M√≠nimas obtenidas durante esta ma√±ana #Martes 10 de #Mayo  en las estaciones meteorol√≥gicas del territ‚Ä¶ https://t.co/MGzRpzBudM
wichodoro2012,"La Uni√≥n, Colombia",@DiegoASantos En segundo pierde! A caso el pueblo Colombiano no est√° cansando! Y que tanta influencia tiene‚Ä¶ https://t.co/ht3R0Po4uW
rvaldesabogados,"Florida 970, Concepci√≥n",üìå [Caso #CrudoIran√≠] Corte de Apelaciones de #Concepci√≥n rechaz√≥ planteamientos de la defensa de los 6 ejecutivos d‚Ä¶ https://t.co/dDtFZCKr5A
msg_laRsisTncia,Estados Unidos,üü¢ - ENLACE DESCARGA üì• https://t.co/0ebTGk8lXD Comparte los üèõ #Parlamentos #C40 dentro de #Cuba: üíæ 20.9 MB üîä code: o‚Ä¶ https://t.co/Ve1APsokAU
Dr_Jaus_,,#Quintero pareciera que le estuviera haciendo campa√±a al uribismo con esas #pendejadas con las que sale‚Ä¶‚Ä¶ https://t.co/RdIUs9KTIL
luisyepesb,Medell√≠n-Colombia,"No me importa que el se√±or #Quintero quiera el ""cambio en primera"", me preocupa que como ""conductor"" de #Medell√≠n l‚Ä¶ https://t.co/4v34eNG0ej"
Por_NuestroPais,,"¬øEst√°s de acuerdo con la evidente particiaci√≥n de #Quintero en la campa√±a pol√≠tica del 'Pacto Hist√≥rico'? 

#Medellin #Antioquia"
msg_laRsisTncia,Estados Unidos,"En #Cuba, el #PoderSoberano y su #Leg√≠tima #C40, #UltimaDeJure, est√°n bajo #GolpeDeEstado continuado, por un‚Ä¶ https://t.co/3dJiEgkTsh"
healthbico,Colombia,√önete a un equipo extraordinario de profesionales en salud que ya est√°n en HealthBI https://t.co/3YiqCN6n8t‚Ä¶ https://t.co/3pZq07hf2c
jcme3,,@Registraduria pa cuando #quintero?
Cp_Quintero,"Avenida Bulnes 120, Quintero","#Quintero cubierto y neblina este martes #10demayo2022 
Puerto con restricciones.
11.4¬∫ C y 1.8 nudos (3.24 km/hr)‚Ä¶ https://t.co/SI0wQkyaQg"
CrisJuan1986,,@lcvelez Jajajajja #lcvelez est√°n asustados buscan cualquier excusa para investigar a #quintero
Laulopezcordoba,"Medell√≠n, Colombia","Dicho esto, lo de #quintero y del #presidente meti√©ndose  descarada y abiertamente en las elecciones, solo me da as‚Ä¶ https://t.co/a38bNHTdb5"
Ledizmojose,Colombia,"El alcalde de Medell√≠n c√≥mo sali√≥ mal gobernante, ahora le dio por volverse instructor de conducci√≥n...

#Quintero‚Ä¶ https://t.co/DvPWPGnzw6"
andresmarinteam,Medell√≠n,"Esto es #amorpormedellin si a las malas se vienen a las malas nos hacemos respetar, paisa no traga sapos‚Ä¶ https://t.co/qikDQzObFm"
IMFDChile,Chile,@PlataformaTelar @yuriflame @tv_monica @CNNChile En un trabajo de campo en #Quintero - #Puchuncav√≠ el equipo de inv‚Ä¶ https://t.co/GqAUk6ViRI
conaf_minagri,"Paseo Bulnes 285, Santiago","#CONAFValpara√≠so y Hospital de #Quintero impulsan ‚Äúba√±os de bosque‚Äù para mejorar la salud integral, con la formaci√≥‚Ä¶ https://t.co/jeqyG8Xro6"
MetArmada_Valp,"Carvallo 150, Playa Ancha",Temperaturas M√°ximas obtenidas durante esta tarde de #Lunes 09 de #Mayo en las estaciones meteorol√≥gicas del territ‚Ä¶ https://t.co/WODJXAOwjs
Cp_Quintero,"Avenida Bulnes 120, Quintero","#Quintero parcial este lunes #9DeMayo2022 
Puerto abierto, condici√≥n normal.
14.4¬∫ C y 13.5 nudos (24.3 km/hr) de v‚Ä¶ https://t.co/876EOFOycG"
Armada_Chile,,"Esta tarde Personal de la @Cp_Quintero realiz√≥ inspecci√≥n a faenas de transferencia de carga en la bah√≠a #Quintero,‚Ä¶ https://t.co/RLOxCqiXpL"
FiscaliaRegionV,,Unidad de Gesti√≥n de @FiscaliaRegionV capacita in situ sobre el manejo de salas para Entrevista Investigativa Video‚Ä¶ https://t.co/qOEBQOYF4I
Cp_Quintero,"Avenida Bulnes 120, Quintero","Personal de la #AutoridadMar√≠tima realiza patrullaje terrestre por el borde costero, verificando sectores de ca√≠da‚Ä¶ https://t.co/H3rYv39Cmk"
DPRValparaiso,Region de Valpara√≠so,"Desde las 00:00 horas hasta las 09:59 horas del martes 10 de mayo, de acuerdo al pron√≥stico de ventilaci√≥n atmosf√©r‚Ä¶ https://t.co/8veqiuuqax"
mma_valparaiso,,"Pron√≥stico para el d√≠a de hoy lunes 09 de mayo, para las comunas de #ConCon #Quintero y #Puchuncav√≠  
@muniquintero‚Ä¶ https://t.co/hL3PCK7IMe"
mma_valparaiso,,üì∫Revisa lo que fue el ‚ÄúLanzamiento del Programa de Educaci√≥n AmbientalüìÑüåødel proyecto GEF Humedales Costeros para la‚Ä¶ https://t.co/5NUFeQH5Dj
MetArmada_Valp,"Carvallo 150, Playa Ancha",Temperaturas M√≠nimas obtenidas durante esta ma√±ana #Lunes 09#Mayo  en las estaciones meteorol√≥gicas del territorio‚Ä¶ https://t.co/Sx1gBwlT1j
conaf_minagri,"Paseo Bulnes 285, Santiago",üå≥ üè• #CONAFValpara√≠so y Hospital Adriana Cousi√±o de #Quintero impulsan los ‚Äúba√±os de bosque‚Äù para mejorar la salud i‚Ä¶ https://t.co/Z8T7Ru5Oat
OjoDemocracia22,,@estebanrestre #Quintero lavaperros de Petro #QuinteroMedellinNoTeQuiere #quinteroseva #PetroElPatronDelMal https://t.co/DZpQD0dMJG
agustroyano,"La Plata, Argentina",#River Hoy pueden recibir el alta Juanfer #Quintero (desgarro en el isquiotibial izquierdo) y Jonatan #Maidana (dis‚Ä¶ https://t.co/FWq0B5TxMS
Cp_Quintero,"Avenida Bulnes 120, Quintero","#Quintero despejado este lunes #9deMayo 
Puerto abierto.
10.6¬∫ C y 0.8 nudos (1.44 km/hr) de viento.
#ElMarDeTodos‚Ä¶ https://t.co/hIT1GeuKaQ"
MetArmada_Valp,"Carvallo 150, Playa Ancha",Temperaturas M√°ximas obtenidas durante esta tarde de #Domingo 09 de #Mayo en las estaciones meteorol√≥gicas del terr‚Ä¶ https://t.co/3w9uBYj0hZ
CEValparaiso,"Vi√±a del Mar, Valpara√≠so",14:53 Horas #Quintero Central SAMU despacha m√≥vil a Av. Normandi / Luis Orione para atenci√≥n de paciente masculino‚Ä¶ https://t.co/meToxVTzwy
Armada_Chile,,Personal de la @Cp_Quintero ha estado monitoreando el borde costero en #Quintero ante la posible nueva aparici√≥n de‚Ä¶ https://t.co/lf06B1LfzG
DPRValparaiso,Region de Valpara√≠so,"Desde las 00:00 horas hasta las 09:59 horas del lunes 09 de mayo, de acuerdo al pron√≥stico de ventilaci√≥n atmosf√©ri‚Ä¶ https://t.co/S5ohVSuFnY"
mma_valparaiso,,"Pron√≥stico para el d√≠a de hoy domingo 08 de mayo, para las comunas de #ConCon #Quintero y #Puchuncav√≠‚Ä¶ https://t.co/7Zef7oKl3N"
felipenations,Colombia,@sebaslopezv @Tyche78Tyche @QuinteroCalle No haga esfuerzos de llamar a #Quintero porque ese pusil√°nime ni va a ir‚Ä¶ https://t.co/ihaVfTFEft
alertaconcon,"Conc√≥n, Chile",METEO LOCAL #QUINTERO https://t.co/4Qnc58IEya
Cp_Quintero,"Avenida Bulnes 120, Quintero","#Quintero cubierto este domingo #8deMayo 
Puerto abierto, condici√≥n normal.
12.3¬∫ C y casi sin viento.‚Ä¶ https://t.co/bDt7UXOWBX"
Cp_Quintero,"Avenida Bulnes 120, Quintero","Saludamos afectuosamente a todas las mamitas.
En especial a las que son mamitas y trabajan. 
Pero muy particularmen‚Ä¶ https://t.co/CXM04NpB5q"
MetArmada_Valp,"Carvallo 150, Playa Ancha","Temperaturas M√°ximas obtenidas durante esta tarde de #Sabado 07
de #Mayo en las estaciones meteorol√≥gicas del terri‚Ä¶ https://t.co/60OMqj9l5J"
mundopoderok,"Buenos Aires, Argentina","Mientras se recupera de una lesi√≥n, Juanfer (@juanferquinte10) estren√≥ un videoclip musical y encendi√≥ las redes de‚Ä¶ https://t.co/j6SFUg9ytl"
mma_valparaiso,,"Pron√≥stico para el d√≠a de hoy s√°bado 07 de mayo para las comunas de #ConCon #Quintero y #Puchuncav√≠  
@muniquintero‚Ä¶ https://t.co/6IJfi4WL2X"
Cp_Quintero,"Avenida Bulnes 120, Quintero","¬øSab√≠as?
Las unidades LSG de la @Armada_Chile prestan servicios tales como la salvaguarda de la vida humana en el m‚Ä¶ https://t.co/OoQFrMBCGe"
javigilnavarro,,"@juanferquinte10 no s√≥lo tira magia con la pelota en su zurda, tambi√©n lo hace rapeando!
.
#Juanfer
#Quintero‚Ä¶ https://t.co/NnuaLLSwGR"
PaterMionostro,A la derecha de la derecha,@BernardoAGuerra @elcolombiano @Metrosalud @FicoGutierrez @AlcaldiadeMed @QuinteroCalle @petrogustavo @mas_medellin‚Ä¶ https://t.co/59tNZ0yLxr
SaludSsrv,Regi√≥n Valpara√≠so,üöë IMPORTANTE: Los #TTAM√≥vil se encuentran ahora en la Plaza O‚ÄôHiggins de #Vi√±adelMar y en la Plaza de los Deportist‚Ä¶ https://t.co/LiAUKgEg4t
MetArmada_Valp,"Carvallo 150, Playa Ancha",Temperaturas M√≠nimas obtenidas durante esta ma√±ana #S√°bado 07 #Mayo  en las estaciones meteorol√≥gicas del territori‚Ä¶ https://t.co/dlmROrfiCI
alertaconcon,"Conc√≥n, Chile",METEO LOCAL #QUINTERO https://t.co/eWujnzHoEZ
juangiraldomora,Colombia,"#Revocatown

De la Tacita de Plata al Futuro se parece a Usted #Quintero

Medellin ciudad Basura.

#TuVotoRevoca https://t.co/AsHe0oWoYQ"
Cp_Quintero,"Avenida Bulnes 120, Quintero","#Quintero cubierto y neblina este s√°bado #7demayo 
Puerto abierto, condici√≥n normal.
12.2¬∫ C y 2.2 nudos (3.96 km/h‚Ä¶ https://t.co/i8kRoUSvwo"
ConConAeroPto,"Valpara√≠so, Chile","Hoy para reactivar #Turismo, un AEROPUERTO ,para la VRegion de #Valparaiso, es una verg√ºenza que la 2da.region de p‚Ä¶ https://t.co/B0KPluPWFY"
MetArmada_Valp,"Carvallo 150, Playa Ancha",Temperaturas M√°ximas obtenidas durante esta tarde de #Viernes 06 de #Mayo en las estaciones meteorol√≥gicas del terr‚Ä¶ https://t.co/dp8k0A8J6q
MiryamVel,"Medell√≠n, Colombia",@medellincuenta1 @CNE_COLOMBIA Bravooo Gury‚Ä¶ gracias por tanto empe√±o y sacrificio. Todo se aclarar√° y saldremos tr‚Ä¶ https://t.co/amfX9xvcyx
rvaldesabogados,"Florida 970, Concepci√≥n",üìå [Caso #CrudoIran√≠] Duro rev√©s para #ENAP: Corte de Apelaciones de #Concepci√≥n rechaza solicitudes en favor de eje‚Ä¶ https://t.co/YySxGnw0eL
mma_valparaiso,,"Pron√≥stico para el d√≠a de hoy viernes 06 de mayo, para las comunas de #ConCon #Quintero y #Puchuncav√≠‚Ä¶ https://t.co/yy5Of7DRpo"
sandraHenaoAri1,,Las mentiras de #quintero https://t.co/bZCaF6cu9r
plebiscitoanual,,@min_interior @izkia @DrManuelMonsalv @PDI_CHILE @Sub_Interior @Min_Hacienda @EmcoChile @FiscaliadeChile @MinjuDDHH‚Ä¶ https://t.co/eLVJNzndTA
MetArmada_Valp,"Carvallo 150, Playa Ancha",Temperaturas M√≠nimas obtenidas durante esta ma√±ana #Viernes 06 #Mayo  en las estaciones meteorol√≥gicas del territor‚Ä¶ https://t.co/0BY2rgskT5
alertaconcon,"Conc√≥n, Chile",METEO LOCAL #QUINTERO https://t.co/cEEn9ggtVh
plebiscitoanual,,06/05/22 Continua la descarga de 48tonArsenico/a√±o sobre #Quintero #Puchuncavi https://t.co/UTyqO6URtx
Cp_Quintero,"Avenida Bulnes 120, Quintero","#Quintero cubierto y neblina este viernes #6deMayo 
Puerto abierto, condici√≥n normal.
12.6¬∫ C y 1.3 nudos (2.34 km/‚Ä¶ https://t.co/d606pBXObZ"
elpumadepucon,"Recoleta, Chile","@ColoColo 
Que tiene #QUINTERO CONTRA ZABALA???

    #FUERALUCERO
Colo Colo Pierde y Empata solo porque #QUINTERO‚Ä¶ https://t.co/TCuZl4o7UK"
MetArmada_Valp,"Carvallo 150, Playa Ancha",Temperaturas M√°ximas obtenidas durante esta tarde de #Jueves 05 de #Mayo en las estaciones meteorol√≥gicas del terri‚Ä¶ https://t.co/eFIBxkRIcD
mma_valparaiso,,"Pron√≥stico para el d√≠a de hoy jueves 05 de mayo , para las comunas de #ConCon #Quintero y #Puchuncav√≠‚Ä¶ https://t.co/dkn5Yubg6b"
PequeFran,,"ATENTOS üìöüìî

@edcontardo est√° lanzando su libro #Nausea 

Espero amplificar la voz de esas mujeres que ya no est√°n.‚Ä¶ https://t.co/kM7loqmLOP"
CarabValparaiso,"Valpara√≠so, Chile",Carabineros de la Oficina MICC de la Subcomisar√≠a #Quintero visitaron la Escuela de Lenguaje Nuevo Mundo donde comp‚Ä¶ https://t.co/kO45YuYF6L
mma_valparaiso,,Realizando el lanzamiento del Programa de Educaci√≥n Ambiental üìñ üå± del proyecto GEF Humedales Costeros para las comu‚Ä¶ https://t.co/WsEJ411dh8
MetArmada_Valp,"Carvallo 150, Playa Ancha",Temperaturas M√≠nimas obtenidas durante esta ma√±ana #Jueves 05 #Mayo  en las estaciones meteorol√≥gicas del territori‚Ä¶ https://t.co/OIntl1S78k
LuchadoraSocial,"Valparaiso, Chile",En #Quintero seguimos en campa√±a. Gracias por el apoyo incondicional y la fraternidad a toda prueba üí™üèΩüëèüèΩ‚Ä¶ https://t.co/LIRL3vbHrZ
jcme3,,"C√≥mo fuera que todos los restaurantes, bares y discotecas de la ciudad hicieran uso del derecho de admisi√≥n con la‚Ä¶ https://t.co/bVEmfTs6ZC"
KNjackson3015,"Vi√±a del Mar, Chile.","#QEPD don #MarioCarri√≥n, quien se quem√≥ a lo bonzo frente a #LaMoneda , porque su hermano muri√≥ en manos de terrori‚Ä¶ https://t.co/aHCPVGpmd6"
MetArmada_Valp,"Carvallo 150, Playa Ancha",Temperaturas M√°ximas obtenidas durante esta tarde de #Miercoles 04 de #Mayo en las estaciones meteorol√≥gicas del te‚Ä¶ https://t.co/xObT584jEA
dipalihe,,@Juanis3022 @PGN_COL @piedadcordoba @AlcaldiadeMed Que hace #Quintero participando en Pol√≠tica? @PGN_COL
RafaelFQuintero,,Cristiano Ronaldo contempla la opci√≥n volver al Real Madrid https://t.co/eFpjhf4HOb #Deporte_en_General #Deporte‚Ä¶ https://t.co/nx3tiYYKu9
mma_valparaiso,,"Pron√≥stico para el d√≠a de hoy  mi√©rcoles 04 de mayo , para las comunas de #ConCon #Quintero y #Puchuncav√≠‚Ä¶ https://t.co/j9f6NTbCcj"
Chilquinta600,"Regi√≥n de Valpara√≠so, Chile",#ChilquintaInforma: A las 13:47 horas fue normalizado el suministro en la comuna de #Quintero. https://t.co/0UL8NuPR5b
CarabValparaiso,"Valpara√≠so, Chile","Con el objetivo de reforzar las fiscalizaciones y entregar mayor seguridad a nuestros vecinos, Carabineros de la Su‚Ä¶ https://t.co/AzmKH4XMTi"
Chilquinta600,"Regi√≥n de Valpara√≠so, Chile",#ChilquintaInforma: Corte de suministro que afecta a los hogares en la comuna de #Quintero. El horario estimado de‚Ä¶ https://t.co/y6z53bImOC
scastrov19,"Puchuncav√≠, Chile","@Chilquinta600 Hola!, #Quintero Sector Valle Alegre sin electricidad, alg√∫n horario de reposici√≥n? Saludos"
PaterMionostro,A la derecha de la derecha,"@luisbernardov @Mordelona_ @Metrosalud @AlcaldiadeMed ‚ÄúLo siento, solo hay plata para financiar la campa√±a de mi am‚Ä¶ https://t.co/7lGtVXqq3p"
Juancarmonag,Colombia,"Art√≠culo 429 del C√≥digo Penal est√° relacionado con la violencia contra servidores p√∫blicos.
Incurrir√° en prisi√≥n de‚Ä¶ https://t.co/eT6G7GU6iB"
MetArmada_Valp,"Carvallo 150, Playa Ancha",Temperaturas M√≠nimas obtenidas durante esta ma√±ana #Miercoles 04 #Mayo  en las estaciones meteorol√≥gicas del territ‚Ä¶ https://t.co/UNvbGWNdYa
SSVinaQuillota,De Vi√±a del Mar hasta Petorca,No olvides asistir a este operativo de salud que se desarrollar√° en la comuna de #Quintero https://t.co/TD9p4LEdSQ
alertaconcon,"Conc√≥n, Chile",METEO LOCAL #QUINTERO https://t.co/q6iYPowWjf
plebiscitoanual,,04/05/22 Arsenico hacia #Quintero #Loncura #Maitenes 48tonAs/a√±o https://t.co/LRuSsyihkm
Cp_Quintero,"Avenida Bulnes 120, Quintero","#Quintero cubierto este mi√©rcoles #4demayo
Puerto abierto, condici√≥n normal.
11.3¬∫ C y 3.8 nudos (6.84 km/hr) de vi‚Ä¶ https://t.co/XTA8DAiNyz"
Chilquinta600,"Regi√≥n de Valpara√≠so, Chile",#ChilquintaInforma: A las 01:42 horas fue normalizado el suministro en la comuna de #Quintero. https://t.co/D9MvdJJ2Cc
Chilquinta600,"Regi√≥n de Valpara√≠so, Chile",#ChilquintaInforma: Estamos trabajando en la normalizaci√≥n del suministro el√©ctrico de la comuna de #Quintero. El s‚Ä¶ https://t.co/yZlWeGSqyX
Chilquinta600,"Regi√≥n de Valpara√≠so, Chile",#ChilquintaInforma: Corte de suministro que afecta a los hogares en la comuna de #Quintero. El horario estimado de‚Ä¶ https://t.co/5AqOJoCo9X
MetArmada_Valp,"Carvallo 150, Playa Ancha",Temperaturas M√°ximas obtenidas durante esta tarde de #Martes 03 de #Mayo en las estaciones meteorol√≥gicas del terri‚Ä¶ https://t.co/OjlA1CfprC
PaterMionostro,A la derecha de la derecha,@sebaslopezv @BernardoAGuerra #Quintero es un enfermo manipulador
equinoccio365,Pto.Montt .Chile.,Las 24hrs del d√≠a Equinoccio conectados contigo #Antofagasta #Acapulco #Osorno #PuertoVaras #Chillan #LaSerena‚Ä¶ https://t.co/zrCDIwHWkq
MetArmada_Valp,"Carvallo 150, Playa Ancha",Temperaturas M√≠nimas obtenidas durante esta ma√±ana #Martes 03 #Mayo  en las estaciones meteorol√≥gicas del territori‚Ä¶ https://t.co/S7gqTstE0v
conaf_minagri,"Paseo Bulnes 285, Santiago",El equipo de Cuidados Paliativos del Hospital Adriana Cousi√±o de #Quintero experiment√≥ por primera vez los benefici‚Ä¶ https://t.co/5VdUoL87o7
DPRValparaiso,Region de Valpara√≠so,"Desde las 23:00 horas del martes 03 hasta las 09:59 horas del mi√©rcoles 04 de mayo, de acuerdo al pron√≥stico de ven‚Ä¶ https://t.co/wUbpOTCAFb"
fabianfabiango,"Nari√±o, Colombia",@RevistaSemana P√≥ngale cero... se hizo bajo el gobierno de #Quintero.
Jose_Luis_Valpo,Playa Ancha Valpara√≠so,Informaci√≥n sobre discontinuidad del servicio de Agua Potable programada: para Quintero 04/05 y Quilpu√© 05/05 datos‚Ä¶ https://t.co/GdaDnZ2u7n
Fran87bcn,Dando vueltas por Distrito Sur,@82Argentina @Bea79bb Mucho peor es #Quintero querida...
Magica17_09_05,,Hanna famosa ‚ò∫Ô∏è‚ò∫Ô∏è‚ò∫Ô∏èahora boda #Lidihanna y arreglado @SyP_tve #ServiryProteger Ais y Mar√≠a(@pepaaniorte) pensando e‚Ä¶ https://t.co/lr09AEMGwo
360RadioCo,Colombia,"#Inicia Conversaciones 360 con el Magistrado del Consejo Nacional Electoral @PedroFelipeGut
 sobre la revocatoria d‚Ä¶ https://t.co/YZ3N5bWUU5"
mma_valparaiso,,"Plan de Descontaminaci√≥n #ConC√≥n #Quintero y #Puchuncav√≠ 

Te invitamos a conocer algunas de las medidas que lleva‚Ä¶ https://t.co/GIUwp3O2Va"
dlopez_1992,"Quintero, Chile","Panor√°mica de la densa #niebla que cubr√≠a a #Quintero esta ma√±ana, con una visibilidad menor a 100 metros.

A la ho‚Ä¶ https://t.co/rLxayjAEfX"
jfsabando,"Via Lactea, The Milky Way",@mma_valparaiso @muniquintero @PuchuncaviMuni @municoncon @DPRValparaiso üëâüëâ https://t.co/vPJYdevyPi no va a marcar‚Ä¶ https://t.co/Lw34zm6O68
wlasoga2,Chile,"@QuinteroCalle Los CORRUPTOS HAMPONES Narcoparamilires ü§ÆüÜò y el NARCOESTADO AUV üê∑ tiembla.
Colombia üá®üá¥ Despert√≥‚Ä¶ https://t.co/l279gsB0ln"
jfsabando,"Via Lactea, The Milky Way",@mma_valparaiso @muniquintero @PuchuncaviMuni @municoncon 08:45 3 de Mayo 2022. Por favor la #CalidadDelAire es mas‚Ä¶ https://t.co/dKqHbOTpcF
wlasoga2,Chile,@QuinteroCalle Nuestro Pr√≥ximo Presidente #Quintero üá®üá¥‚ù§Ô∏è el Progreso de un pa√≠s qu√© le apuesta al cambio‚Ä¶ https://t.co/huTaII3XHC
alertaconcon,"Conc√≥n, Chile",METEO LOCAL #QUINTERO https://t.co/QpwrRLYcgV
Cp_Quintero,"Avenida Bulnes 120, Quintero","#Quintero despejado y neblina este martes #3deMayo 
Puerto abierto, condici√≥n normal.
8.8¬∫ C y casi sin viento.
‚öì‚Ä¶ https://t.co/LvYidRy2Gp"
hernandomarti,ENVIGADO COLOMBIA,Nuevamente ‚Å¶@elcolombiano‚Å© arremete contra #LuisP√©rez y lo vincula con sospechosos negocios de tierras con‚Ä¶ https://t.co/ykwdNOFaBC
OjoDemocracia22,,"#QuinteroMedellinNoTeQuiere 
Pinturita alias #Quintero 
#quinteroseva https://t.co/Gd1gvZKUbO https://t.co/pHmnj4KuiX"
eo_enlinea,Regi√≥n de Valpara√≠so,Revisa la #EOPortada #Edici√≥nCentro para #Quillota #LaCruz #Limache #Olmu√© #VillaAlemana #Quilpu√© #Conc√≥n #Quintero‚Ä¶ https://t.co/9HIzxRxB5G
MetArmada_Valp,"Carvallo 150, Playa Ancha",Temperaturas M√°ximas obtenidas durante esta tarde de #Lunes 02 de #Mayo en las estaciones meteorol√≥gicas del territ‚Ä¶ https://t.co/RYELs7lRSn
360RadioCo,Colombia,#Conversaciones360 l 360 conversa con el Magistrado del Consejo Nacional Electoral @PedroFelipeGut sobre la revocat‚Ä¶ https://t.co/owhRVAAgVp
los3huevitos,"Bogot√°, D.C., Colombia","Pobrecito pinturita... ü§£ü§£ü§£

#quintero #DanielQuintero #medellin #maluma #alcald√¨ademedell√¨n #colombia #FelizMartes‚Ä¶ https://t.co/zLh9Lu747m"
GoniBania,,"@_Matrero @jarizabaletaf Buen√≠sima! #Quintero quiere  ‚Äúganar¬†indulgencias¬†con avemar√≠as¬†ajenas‚Äù.

El m√©rito  del 95‚Ä¶ https://t.co/feGQksF8fm"
PaterMionostro,A la derecha de la derecha,@sebasmon21 @AlcaldiadeMed La Stasi de #Quintero? No gracias!!
gustguevara,"Tena, Cundinamarca","Unos atarvanes en el estadio, borrachos y enajenados, creyendo que les iban a seguir la guachafita.
Quedaron domama‚Ä¶ https://t.co/r47He8Y7kF"
pikillo_green,,"Creo q NO son ""Malas Condiciones Atmosf√©ricas"", sino, ""Contaminaci√≥n Producida por la Irresponsabilidad de las Empr‚Ä¶ https://t.co/ZKONEDfUoB"
DGTM_Chile,,"Esta tarde, personal de la @Cp_Quintero, efectu√≥ una fiscalizaci√≥n preventiva y control√≥ de actividades mar√≠timas d‚Ä¶ https://t.co/EqK5HhKu3z"
DPRValparaiso,Region de Valpara√≠so,"Desde las 23:00 horas del lunes 02 hasta las 10:59 horas del martes 03 de mayo, de acuerdo al pron√≥stico de ventila‚Ä¶ https://t.co/5ESvrKTUNh"
mma_valparaiso,,"Pron√≥stico para el d√≠a de hoy lunes 02 de mayo , para las comunas de #ConCon #Quintero y #Puchuncav√≠‚Ä¶ https://t.co/8q9meaVRzv"
PaterMionostro,A la derecha de la derecha,@anamarqr Los hermanos #Quintero son malandros!!
ucvradio,"Vi√±a del Mar, Chile","Detienen a dos personas por venta de drogas en #Quintero: se incaut√≥ coca√≠na base y cannabis sativa
https://t.co/KW66fXp0HF"
Fran87bcn,Dando vueltas por Distrito Sur,@Silvialan49 @despistao1 @SyP_tve @evelascoq @elenalauroba @mystery_XX @tomidiezkith @CF_EduVelasco @maitagarria‚Ä¶ https://t.co/oilzDiT1kv
Fran87bcn,Dando vueltas por Distrito Sur,@despistao1 @SyP_tve @evelascoq @elenalauroba @mystery_XX @tomidiezkith @CF_EduVelasco @maitagarria @Maria_series‚Ä¶ https://t.co/jMuAu8GO4F
Desdemona_jna,Argentina,As√≠ recibi√≥  el p√∫blico al Alcalde de #Medellin #Quintero. Los pol√≠ticamente correctos van a repudiar como siempre.‚Ä¶ https://t.co/Y1jCppjUJo
luzinfinita000,En todas partes,Oiga mequetrefe @QuinteroCalle y donde lo denuncia todo Medell√≠n por su agresi√≥n a la ciudad? #Quintero si tuviera‚Ä¶ https://t.co/hvS1DdDwsX
PaterMionostro,A la derecha de la derecha,"@FernanMartinez Muy buen, #Quintero es un malandro peligroso!!"
PaterMionostro,A la derecha de la derecha,@deninsonmendoza @Telemedellin @carlossuarezr Ve Deninson y qu√© ‚Äúpoder‚Äù ha tenido Carlos Su√°rez? o sea que los 305.‚Ä¶ https://t.co/OGSgBwPR4m
abogadoscomar,Argentina,#Asesoramiento #Chile - Barros &amp; Err√°zuriz Abogados asesor√≥ a Fluxys S.A para adquirir el 80% de participaci√≥n en G‚Ä¶ https://t.co/WS05ZFLXDr
plebiscitoanual,,02/05/22 Continua descaradamente el crimen de lesa humanidad estatal flagrante de publico conocimiento de Codelco c‚Ä¶ https://t.co/PHNfGdxYOi
Cp_Quintero,"Avenida Bulnes 120, Quintero","#Quintero despejado y bruma matinal, este lunes #2deMayo 
Puerto abierto, condici√≥n normal.
9.5¬∫ C y 1 nudo (1.98 k‚Ä¶ https://t.co/YAYysOb72N"
CEValparaiso,"Vi√±a del Mar, Valpara√≠so",5:17 Hora #Quintero PRECAUCI√ìN a conductores que transitan por Ruta F30E altura cruce La Virgen en direcci√≥n a Vall‚Ä¶ https://t.co/Dy8HFdaepL
MetArmada_Valp,"Carvallo 150, Playa Ancha",Temperaturas M√°ximas obtenidas durante esta tarde de #Domingo 01 de #Mayo en las estaciones meteorol√≥gicas del terr‚Ä¶ https://t.co/gwlFH4eeNX
nenaiiker,Colombia,Pinturita en serio saluda a la gente? No ve que en Medell√≠n lo odiamos 8 de cada 10 personas? No se cansa del recha‚Ä¶ https://t.co/EVvhVNZS8G
RonW02942983,"Dallas, TX",Que mala suerte #Quintero siempre se encuentra con personas que lo abuchean ü§°. O se excusa diciendo que eran 10 pel‚Ä¶ https://t.co/Xz5LEc3NP5
_Juan_Perez__,el piso que piso,"No s√© si los aprendices de brujo de pol√≠tico tradicional Colombiano, como @QuinteroCalle, tienes cojones por expone‚Ä¶ https://t.co/RZbmRh604r"
OjoDemocracia22,,"No mas de esta mierdaaaa!!!
#quintero y su compa√±era de cuarto a ratos, se van pa Pedregal!!!
#quinteroseva‚Ä¶ https://t.co/Zpc08hF4oX"
OjoDemocracia22,,"#pinturita pinturita se va y encanao!!
#Quintero #quinteroseva #Medellin #MedellinEnElMapa https://t.co/eQPt5CAmSA https://t.co/wIYfZPxoNM"
Cp_Quintero,"Avenida Bulnes 120, Quintero","#Quintero parcial este domingo #1deMayo2022 
Puerto abierto, condici√≥n normal.
13.2¬∫ C y casi sin viento.

‚öì‚Ä¶ https://t.co/onyS3zwDn5"
aleparrilla85,,"4 segundos para resumir demasiados dimes y diretes.

@juanferquinte10 #Juanfer #Quintero #Panita #Nalgon #JfQ #carp‚Ä¶ https://t.co/mLJ2hEff8R"
Chilquinta600,"Regi√≥n de Valpara√≠so, Chile",#ChilquintaInforma: A las 15:00 horas fue normalizado el suministro el√©ctrico en la comuna de #Quintero. https://t.co/3Mj3yIUvXB
Chilquinta600,"Regi√≥n de Valpara√≠so, Chile",#ChilquintaInforma: A las 14:54 horas fue restituido la totalidad de los suministros el√©ctricos de los hogares del‚Ä¶ https://t.co/Tnxmmoq2q3
DPRValparaiso,Region de Valpara√≠so,"Desde las 10:00 horas del domingo 01 hasta las 10:59 horas del lunes 02 de mayo, de acuerdo al pron√≥stico de ventil‚Ä¶ https://t.co/kESlIIDJGX"
mma_valparaiso,,"Pron√≥stico para el d√≠a de hoy domingo 01 de mayo , para las comunas de #ConCon #Quintero y #Puchuncav√≠‚Ä¶ https://t.co/NiBjZwGitp"
cristobalreus,"Providencia, Chile","#Mayo, el #MesDelMar ‚öì. Saludos a la tipulaci√≥n de la LSG 1621 #Quintero @Cp_Quintero https://t.co/8UypdSLOQI"
